,danceability,energy,key,loudness,mode,speechiness,acousticness,instrumentalness,liveness,valence,tempo,duration_ms,time_signature,popularity
0,0.236,0.892,2,-4.106,0,0.188,0.0305,0.0,0.278,0.0685,184.981,279227,4,62
1,0.364,0.912,7,-2.968,1,0.107,0.000104,0.0025,0.086,0.666,105.368,189200,4,58
2,0.182,0.979,5,-3.598,1,0.445,0.000116,0.0411,0.163,0.0843,150.174,314000,4,34
3,0.249,0.66,0,-6.905,1,0.0342,0.504,0.0026,0.0891,0.435,149.813,248947,4,68
4,0.585,0.832,6,-3.791,1,0.0394,0.281,0.000322,0.0822,0.544,147.978,187387,4,39
5,0.833,0.716,9,-11.265,1,0.04,0.533,0.0,0.058,0.9,104.8,186627,4,51
6,0.0621,0.0345,1,-30.625,1,0.0532,0.662,0.0092,0.119,0.0558,65.193,277720,4,40
7,0.359,0.828,3,-3.173,1,0.0787,2.37e-05,0.0312,0.115,0.288,144.984,312000,4,59
8,0.383,0.97,9,-5.638,1,0.0435,0.0276,0.0,0.0942,0.62,101.603,313926,4,66
9,0.751,0.703,9,-5.687,1,0.0287,0.368,0.00123,0.196,0.907,97.931,185960,4,61
10,0.524,0.982,6,-2.865,0,0.126,0.0092,0.126,0.328,0.662,122.916,191240,4,45
11,0.82,0.574,5,-6.526,0,0.111,0.0528,0.000372,0.159,0.423,97.934,215880,4,33
12,0.793,0.703,0,-9.548,1,0.0581,0.000726,0.88,0.075,0.856,130.27,450800,4,63
13,0.346,0.974,11,-3.849,0,0.223,0.000519,0.00449,0.0326,0.326,117.287,204542,4,49
14,0.589,0.388,4,-9.755,1,0.0305,0.698,0.0,0.0902,0.364,78.883,220309,4,44
15,0.332,0.951,2,-5.996,1,0.0846,0.000211,0.000135,0.154,0.226,94.614,239517,4,49
16,0.39,0.694,7,-11.783,1,0.0399,0.00299,0.304,0.0757,0.795,115.197,235707,4,57
17,0.26,0.723,4,-7.566,0,0.0387,0.00298,0.0551,0.317,0.0785,130.073,330829,4,34
18,0.353,0.976,6,-2.325,0,0.0525,0.000388,0.00157,0.359,0.579,172.1,230480,4,37
19,0.369,0.258,6,-10.398,1,0.0331,0.937,7.04e-05,0.108,0.21,127.502,279193,4,20
20,0.644,0.939,11,-3.486,0,0.0456,0.157,0.0,0.233,0.861,106.031,208107,4,75
21,0.239,0.614,4,-9.819,1,0.0773,0.0904,0.403,0.129,0.47,155.658,140413,3,61
22,0.409,0.952,2,-3.761,0,0.0756,1.23e-05,0.000156,0.31,0.55,80.899,203693,4,55
23,0.522,0.85,7,-4.769,1,0.0361,0.132,0.0338,0.295,0.71,124.216,346280,4,60
24,0.478,0.576,8,-7.671,0,0.0452,0.402,0.0598,0.154,0.384,116.326,184000,5,35
25,0.726,0.537,0,-8.896,1,0.114,0.316,0.0,0.0707,0.882,96.889,145707,4,70
26,0.398,0.89,1,-2.248,0,0.0473,0.0252,0.0,0.0472,0.572,95.095,212938,4,67
27,0.746,0.587,9,-8.214,1,0.0528,0.273,0.0,0.0305,0.804,98.974,165813,4,40
28,0.519,0.337,2,-15.215,1,0.0333,0.887,0.0113,0.13,0.523,87.926,196133,4,63
29,0.568,0.272,6,-12.719,1,0.0321,0.991,0.891,0.0916,0.29,116.978,279840,4,63
30,0.489,0.788,10,-11.654,1,0.0452,0.176,7.98e-05,0.196,0.88,165.877,179507,4,51
31,0.243,0.0502,2,-25.496,1,0.0501,0.941,0.82,0.126,0.064,125.052,151760,4,50
32,0.644,0.919,2,-6.289,1,0.0561,0.181,0.134,0.622,0.871,117.459,259907,4,68
33,0.194,0.0269,5,-34.472,1,0.0413,0.993,0.963,0.0626,0.137,171.966,150907,4,37
34,0.491,0.87,2,-5.31,1,0.136,0.00177,0.0,0.517,0.532,163.268,179987,4,53
35,0.608,0.56,1,-9.952,0,0.038,0.229,0.0669,0.113,0.139,121.89,208032,3,10
36,0.488,0.962,11,-3.268,0,0.114,3.27e-05,0.0248,0.0679,0.171,105.002,263192,4,41
37,0.254,0.0744,5,-23.509,1,0.043,0.817,0.655,0.109,0.156,79.182,293872,3,42
38,0.457,0.909,0,-9.451,1,0.0317,0.0016,0.000276,0.135,0.755,115.998,156667,4,68
39,0.394,0.133,7,-19.88,1,0.0513,0.793,0.102,0.166,0.414,116.711,164973,4,45
40,0.746,0.828,0,-6.568,1,0.0409,0.113,0.0028,0.0635,0.31,104.974,187500,4,24
41,0.525,0.464,7,-9.46,0,0.0323,0.324,0.318,0.361,0.273,103.043,436320,4,11
42,0.59,0.294,9,-8.125,1,0.0654,0.854,0.0,0.0873,0.461,87.895,211364,4,71
43,0.603,0.494,2,-10.27,1,0.0301,0.428,0.000171,0.0894,0.729,147.814,214960,4,57
44,0.309,0.407,7,-6.037,1,0.0335,0.659,0.0,0.124,0.308,80.938,213853,4,41
45,0.175,0.212,6,-14.073,1,0.0374,0.85,0.86,0.0979,0.128,132.026,277853,3,52
46,0.258,0.179,2,-13.822,0,0.0454,0.876,4.49e-05,0.0709,0.446,72.795,184875,3,57
47,0.49,0.938,1,-3.916,1,0.129,0.00234,2.17e-05,0.186,0.437,196.143,274160,4,60
48,0.566,0.931,2,-4.292,0,0.0915,0.00842,0.0,0.323,0.491,103.45,209747,4,47
49,0.4,0.838,3,-5.657,1,0.0358,0.23,0.0326,0.0932,0.685,181.974,221667,4,34
50,0.477,0.961,10,-5.786,0,0.0558,4.58e-05,0.00168,0.129,0.515,94.993,237000,4,36
51,0.704,0.917,1,-7.902,0,0.122,9.12e-05,0.00546,0.0459,0.336,110.606,283947,4,32
52,0.562,0.647,7,-6.178,1,0.0324,0.244,0.0,0.271,0.628,167.896,213213,4,38
53,0.551,0.293,2,-12.503,1,0.0272,0.486,0.000273,0.0864,0.322,106.798,150640,4,71
54,0.503,0.881,0,-4.502,0,0.0827,0.0261,0.0,0.482,0.597,101.038,187880,4,63
55,0.109,0.0693,8,-21.196,1,0.0388,0.986,0.931,0.13,0.0411,58.869,327573,4,46
56,0.577,0.495,2,-14.143,0,0.0324,0.718,0.967,0.135,0.837,90.041,210113,4,9
57,0.587,0.573,4,-8.073,1,0.0383,0.0208,0.315,0.199,0.686,137.315,129120,4,38
58,0.226,0.891,9,-5.531,0,0.0702,0.000631,9.75e-06,0.225,0.511,167.876,237680,4,57
59,0.49,0.362,5,-12.047,0,0.0382,0.762,1.14e-05,0.0671,0.292,108.866,199227,4,68
60,0.412,0.384,8,-6.977,1,0.0442,0.816,0.0,0.104,0.217,82.158,252680,4,48
61,0.374,0.351,2,-10.522,1,0.044,0.832,0.71,0.103,0.0852,82.56,168676,4,52
62,0.633,0.934,0,-3.594,1,0.0344,0.219,0.00021,0.0592,0.963,128.606,228667,4,66
63,0.487,0.987,2,-3.313,1,0.0779,8.58e-06,2.98e-05,0.341,0.309,95.037,253920,4,33
64,0.527,0.636,5,-12.888,0,0.0347,0.0599,0.843,0.204,0.607,83.101,334467,4,60
65,0.358,0.893,4,-7.486,0,0.12,0.0222,0.0524,0.126,0.262,174.238,293653,4,68
66,0.155,0.0612,7,-21.803,1,0.0439,0.941,0.868,0.0978,0.0361,91.989,179493,3,44
67,0.614,0.513,10,-5.442,1,0.0291,0.482,0.0,0.114,0.336,86.005,171680,4,61
68,0.513,0.975,1,-4.754,0,0.116,1.46e-05,0.626,0.245,0.143,102.465,274314,4,51
69,0.421,0.598,4,-6.078,0,0.0487,0.0349,4.8e-06,0.416,0.778,157.927,136960,4,39
70,0.559,0.732,1,-8.563,1,0.304,0.138,1.31e-05,0.119,0.639,200.076,157707,4,30
71,0.569,0.732,1,-7.678,1,0.0277,0.0357,0.963,0.214,0.732,89.99,199195,4,13
72,0.562,0.383,6,-15.474,1,0.0304,0.143,0.124,0.138,0.599,93.764,206760,3,71
73,0.423,0.896,4,-9.555,1,0.0368,0.0914,0.668,0.35,0.732,99.156,160840,4,41
74,0.643,0.738,10,-3.708,1,0.0332,0.528,0.0,0.124,0.369,119.927,166880,4,51
75,0.184,0.00527,1,-37.264,0,0.0432,0.995,0.887,0.173,0.151,170.612,315427,3,67
76,0.432,0.917,2,-7.067,1,0.12,0.111,3.48e-06,0.112,0.45,70.947,178067,4,38
77,0.329,0.926,10,-3.966,0,0.141,1.68e-05,0.746,0.0816,0.464,185.124,234834,4,45
78,0.312,0.92,5,-5.729,0,0.0662,8.39e-06,0.000273,0.322,0.369,105.305,249067,4,51
79,0.551,0.86,7,-7.839,1,0.0796,0.262,4.57e-06,0.0558,0.723,136.921,141507,4,67
80,0.424,0.873,9,-6.13,0,0.0434,0.00451,0.0202,0.109,0.82,157.403,208041,4,38
81,0.526,0.965,11,-5.697,1,0.0698,0.000657,0.514,0.279,0.392,126.006,319067,4,34
82,0.573,0.91,4,-7.516,1,0.0479,0.00263,0.0836,0.1,0.778,107.868,264067,4,51
83,0.194,0.0545,4,-24.877,1,0.0366,0.983,0.945,0.0551,0.0385,140.966,644273,4,58
84,0.537,0.791,6,-7.051,1,0.145,0.122,3.03e-05,0.205,0.889,142.354,255040,4,48
85,0.384,0.939,0,-5.367,0,0.0996,2.49e-05,0.0163,0.0684,0.117,87.46,268284,4,40
86,0.365,0.977,0,-4.312,1,0.217,3.92e-05,0.0494,0.44,0.238,161.94,199741,4,45
87,0.804,0.696,7,-7.47,1,0.0899,0.00877,0.000985,0.314,0.657,95.721,170907,4,73
88,0.625,0.533,10,-11.903,0,0.0596,0.659,0.00266,0.0546,0.139,108.296,300840,4,89
89,0.388,0.904,0,-8.474,0,0.0511,1.82e-05,0.278,0.198,0.281,117.928,286525,4,39
90,0.571,0.818,0,-8.277,1,0.0337,0.00706,0.000181,0.0877,0.773,141.464,239213,4,64
91,0.213,0.866,0,-7.612,1,0.0488,0.012,0.677,0.101,0.487,145.944,254746,4,35
92,0.363,0.156,4,-19.799,0,0.0833,0.98,0.92,0.106,0.0389,185.623,369376,4,10
93,0.458,0.845,2,-4.384,0,0.0422,0.000948,1.99e-06,0.359,0.175,119.994,238053,4,58
94,0.426,0.997,9,-3.235,0,0.229,2.17e-05,0.122,0.037,0.0381,150.587,175114,4,45
95,0.399,0.993,4,-2.283,0,0.202,0.0113,4.75e-05,0.106,0.0385,140.086,269143,4,39
96,0.552,0.449,7,-6.986,1,0.0375,0.362,0.0,0.0945,0.314,149.919,201533,4,47
97,0.263,0.991,7,-3.578,1,0.483,0.000453,0.000134,0.11,0.036,87.883,212813,1,41
98,0.275,0.882,11,-7.654,1,0.068,3.64e-05,0.00289,0.117,0.193,159.854,217152,3,33
99,0.523,0.986,10,-3.456,0,0.136,0.00114,0.0,0.376,0.237,125.034,248200,4,45
100,0.66,0.485,2,-8.101,1,0.0258,0.242,0.0102,0.0585,0.829,99.828,302520,4,58
101,0.451,0.951,1,-3.754,1,0.0645,0.00038,2.39e-06,0.261,0.442,162.065,213933,4,65
102,0.537,0.699,10,-6.615,1,0.0399,0.237,2.27e-05,0.114,0.814,84.905,250627,4,61
103,0.354,0.982,4,-3.026,0,0.168,0.000237,0.000294,0.204,0.194,143.772,252613,4,79
104,0.492,0.896,4,-5.819,0,0.117,0.000172,2.78e-06,0.189,0.534,184.981,285570,4,72
105,0.607,0.543,5,-10.614,1,0.0273,0.355,0.0355,0.128,0.547,82.017,288373,4,32
106,0.453,0.788,9,-9.23,0,0.0341,0.00438,0.000121,0.131,0.55,78.504,139160,4,26
107,0.62,0.593,7,-10.985,1,0.0281,0.294,0.0,0.0749,0.833,109.044,234907,4,54
108,0.576,0.738,11,-8.122,1,0.0353,0.000387,0.00131,0.13,0.675,168.132,238400,4,62
109,0.207,0.0591,10,-27.056,1,0.0504,0.786,0.911,0.119,0.171,115.151,176253,4,41
110,0.458,0.939,5,-3.702,1,0.115,0.016,0.0,0.288,0.447,168.158,204440,4,51
111,0.429,0.914,7,-9.594,1,0.0505,0.0321,9.26e-05,0.436,0.685,155.588,221507,4,52
112,0.82,0.443,6,-8.951,1,0.0601,0.829,0.0386,0.101,0.87,95.09,160529,4,28
113,0.301,0.957,6,-5.233,1,0.111,0.000379,0.166,0.0948,0.266,119.995,286735,4,39
114,0.545,0.612,4,-5.794,1,0.0236,0.135,0.0,0.0862,0.171,89.996,284987,4,32
115,0.568,0.636,4,-8.862,1,0.0297,0.431,3.02e-06,0.492,0.71,124.37,104507,4,46
116,0.603,0.933,1,-3.358,1,0.171,0.00591,0.0,0.206,0.709,96.306,213760,4,75
117,0.569,0.933,8,-5.026,1,0.0604,0.0107,0.00417,0.0144,0.818,127.476,264933,4,36
118,0.221,0.923,10,-5.503,0,0.155,1.25e-05,0.396,0.603,0.141,176.046,230074,4,38
119,0.252,0.0578,1,-26.184,1,0.0518,0.953,0.0163,0.0721,0.0391,108.013,141707,4,56
120,0.264,0.812,4,-5.651,1,0.031,1.35e-05,0.108,0.0962,0.458,94.095,343893,4,56
121,0.472,0.934,2,-3.842,0,0.1,0.000216,0.00371,0.402,0.387,82.079,244787,4,47
122,0.511,0.983,6,-3.702,0,0.141,0.00177,0.169,0.504,0.333,128.315,254560,4,42
123,0.226,0.585,2,-9.965,1,0.0343,0.128,0.0233,0.112,0.655,180.495,234600,3,47
124,0.701,0.878,7,-7.911,1,0.035,2.79e-05,0.522,0.0608,0.875,130.512,251973,4,52
125,0.372,0.985,6,-2.874,1,0.182,5.57e-05,0.00036,0.152,0.369,179.911,231959,3,49
126,0.454,0.246,9,-9.507,1,0.0309,0.858,0.0,0.104,0.466,78.999,242117,4,32
127,0.52,0.867,6,-6.573,0,0.0371,0.000522,4.5e-05,0.302,0.229,95.993,267500,4,37
128,0.593,0.702,0,-12.668,1,0.0409,0.002,8.38e-05,0.19,0.901,142.006,238133,4,55
129,0.156,0.911,7,-5.196,1,0.0556,0.000266,0.0307,0.334,0.149,94.677,338000,4,37
130,0.43,0.0788,1,-21.539,0,0.0314,0.995,0.909,0.099,0.123,98.35,357960,4,31
131,0.293,0.96,1,-5.094,1,0.121,7.49e-05,0.000196,0.0954,0.177,98.059,312468,4,47
132,0.588,0.881,0,-4.62,1,0.0666,0.000252,0.0,0.326,0.709,129.947,209093,4,68
133,0.589,0.89,4,-3.719,0,0.0603,0.000481,0.00082,0.201,0.692,90.598,199907,4,79
134,0.681,0.826,5,-7.746,0,0.0332,0.207,0.439,0.107,0.561,144.875,282387,4,56
135,0.46,0.935,0,-6.217,0,0.0709,0.00123,3.07e-06,0.0722,0.392,94.99,213474,4,35
136,0.199,0.0447,4,-24.456,0,0.0371,0.917,0.936,0.112,0.0393,86.299,180180,4,39
137,0.528,0.423,8,-7.381,1,0.0264,0.678,0.00148,0.167,0.249,135.917,214852,4,62
138,0.699,0.3,1,-16.01,1,0.0496,0.923,0.000601,0.0896,0.308,120.091,270979,4,14
139,0.329,0.806,1,-11.925,1,0.0596,0.0565,0.21,0.355,0.619,142.625,181760,4,32
140,0.372,0.904,5,-4.438,1,0.106,0.007,1.34e-06,0.112,0.362,159.081,231507,4,61
141,0.566,0.494,10,-12.242,0,0.0619,0.106,0.179,0.133,0.591,96.641,199667,4,53
142,0.494,0.936,11,-7.195,0,0.0398,0.0112,0.000693,0.276,0.834,107.543,224480,4,64
143,0.574,0.341,1,-6.269,1,0.0296,0.921,0.0,0.216,0.194,136.113,288659,4,46
144,0.489,0.891,6,-4.507,0,0.0574,1.33e-05,3.16e-06,0.0722,0.558,145.016,242040,4,48
145,0.531,0.984,3,-3.767,0,0.0652,0.0017,1.13e-05,0.361,0.386,107.036,268480,4,67
146,0.583,0.574,0,-9.044,1,0.0239,0.0282,2.14e-06,0.114,0.578,104.995,263573,4,58
147,0.304,0.629,11,-5.979,1,0.0398,0.276,0.0,0.0948,0.349,71.88,202867,4,29
148,0.494,0.735,5,-8.347,1,0.0345,0.00401,3.14e-06,0.544,0.742,132.526,283000,4,44
149,0.647,0.896,4,-5.949,1,0.0509,0.0709,0.0505,0.0614,0.953,118.729,215400,4,65
150,0.273,0.973,1,-3.324,0,0.0807,0.000892,0.0,0.388,0.179,133.428,229120,4,62
151,0.442,0.951,11,-5.27,1,0.11,0.00648,1.12e-06,0.0887,0.158,154.004,374973,4,66
152,0.387,0.98,10,-3.582,0,0.106,5.5e-05,0.00275,0.236,0.191,103.963,276359,4,44
153,0.532,0.675,0,-8.526,1,0.0606,0.00968,0.124,0.0765,0.483,142.091,214093,4,32
154,0.255,0.702,6,-5.308,0,0.0463,0.422,0.00146,0.343,0.328,174.65,306627,3,28
155,0.306,0.314,5,-6.821,1,0.0289,0.885,0.0,0.12,0.215,91.854,261600,3,45
156,0.383,0.975,4,-2.148,1,0.134,0.00988,0.0,0.098,0.377,133.148,117907,5,40
157,0.449,0.936,2,-5.554,1,0.185,0.0438,5.11e-06,0.246,0.458,189.771,264307,4,34
158,0.584,0.784,9,-9.928,1,0.0367,0.0278,0.27,0.315,0.795,94.474,112400,4,44
159,0.4,0.267,10,-12.488,1,0.0323,0.744,0.00734,0.103,0.0872,144.799,225000,3,67
160,0.327,0.991,9,-4.522,1,0.16,1.84e-05,0.84,0.311,0.111,137.21,255034,4,50
161,0.444,0.971,4,-2.238,0,0.146,0.000322,0.0,0.0533,0.542,89.706,171267,4,47
162,0.647,0.661,8,-5.772,1,0.0429,0.027,3.91e-05,0.0971,0.611,91.018,187253,4,28
163,0.605,0.526,9,-11.994,0,0.0388,0.348,2.35e-06,0.139,0.54,102.332,145587,4,39
164,0.805,0.736,6,-4.554,1,0.0348,0.182,5.36e-05,0.116,0.846,89.999,227293,4,21
165,0.738,0.455,3,-8.735,1,0.0352,0.695,0.0,0.107,0.441,99.945,174560,4,0
166,0.519,0.445,0,-5.452,0,0.206,0.434,0.0,0.258,0.505,200.021,151733,4,65
167,0.366,0.936,10,-5.269,1,0.0762,1.04e-05,0.0,0.365,0.261,164.065,161159,4,44
168,0.199,0.955,3,-2.774,0,0.111,0.00191,2.1e-05,0.098,0.454,184.916,194800,4,59
169,0.516,0.513,2,-10.762,1,0.0288,0.159,0.00957,0.0612,0.694,99.735,293933,4,61
170,0.163,0.0994,5,-24.845,1,0.0443,0.785,0.903,0.101,0.0359,68.778,284853,4,50
171,0.447,0.513,1,-10.046,0,0.0279,0.751,0.803,0.1,0.438,77.995,281658,4,54
172,0.581,0.951,1,-3.978,1,0.0633,0.0003,2.48e-05,0.339,0.46,95.014,192000,4,37
173,0.428,0.979,1,-2.929,1,0.225,7.04e-05,0.0,0.129,0.292,104.84,171107,4,63
174,0.5,0.672,1,-4.755,1,0.031,0.207,0.0,0.118,0.187,75.067,206426,4,51
175,0.241,0.604,7,-3.817,1,0.0313,0.0672,4.98e-05,0.0541,0.417,173.134,190600,4,52
176,0.358,0.959,2,-3.139,0,0.0874,0.00364,0.000237,0.356,0.171,91.938,242413,4,59
177,0.782,0.851,2,-3.808,0,0.214,0.17,0.000234,0.063,0.876,105.094,169143,4,29
178,0.569,0.871,10,-6.213,0,0.0505,0.00776,0.000731,0.724,0.455,126.069,242403,4,42
179,0.417,0.738,0,-6.815,1,0.0615,0.0909,0.0,0.577,0.469,195.985,200440,4,51
180,0.366,0.00533,3,-34.215,1,0.045,0.995,0.934,0.154,0.188,76.436,484220,4,35
181,0.742,0.743,10,-6.293,0,0.0508,0.00935,0.0,0.22,0.485,135.012,301800,4,57
182,0.572,0.633,11,-7.832,1,0.0269,0.367,0.0,0.114,0.509,90.571,169318,4,45
183,0.78,0.869,9,-7.255,1,0.0517,0.0744,0.004,0.0621,0.957,157.902,161133,4,65
184,0.48,0.946,3,-4.584,0,0.0596,0.000463,1.72e-06,0.133,0.432,100.003,249600,4,48
185,0.406,0.492,4,-6.837,1,0.0303,0.671,0.0,0.0992,0.279,91.241,238267,4,57
186,0.49,0.728,4,-4.946,0,0.0302,0.000723,1.3e-05,0.628,0.394,100.025,233343,4,42
187,0.497,0.0263,8,-20.774,0,0.0567,0.994,0.956,0.109,0.444,91.563,266527,4,13
188,0.573,0.304,0,-14.31,1,0.0309,0.332,1.27e-06,0.111,0.256,102.686,182653,4,33
189,0.577,0.446,3,-13.555,1,0.171,0.469,0.00289,0.185,0.716,197.872,176970,4,27
190,0.179,0.912,4,-3.881,0,0.0791,0.0014,0.000294,0.582,0.289,182.99,231533,3,74
191,0.649,0.923,1,-4.537,1,0.0348,4.51e-05,0.623,0.369,0.517,108.217,182200,4,55
192,0.618,0.716,6,-8.224,0,0.0367,0.00473,0.822,0.179,0.545,92.174,173267,4,64
193,0.397,0.912,1,-4.106,1,0.0719,9.45e-05,0.874,0.139,0.295,170.062,251470,4,31
194,0.554,0.833,2,-6.667,0,0.0347,0.000646,0.0025,0.0737,0.773,142.673,212227,4,68
195,0.396,0.986,11,-4.467,0,0.0574,0.000981,0.000409,0.23,0.546,110.72,207693,4,54
196,0.467,0.0823,7,-12.525,1,0.0428,0.898,0.00397,0.101,0.17,130.585,303152,4,18
197,0.417,0.202,2,-10.881,1,0.0442,0.957,0.00862,0.0689,0.635,69.177,206720,3,59
198,0.649,0.896,10,-2.704,0,0.056,0.000319,1.19e-05,0.102,0.924,90.009,278707,4,66
199,0.648,0.732,5,-5.194,1,0.0821,0.225,0.00132,0.0682,0.324,159.88,95587,4,58
200,0.587,0.968,11,-9.393,1,0.0527,0.000869,0.000606,0.329,0.845,99.231,143293,4,52
201,0.725,0.524,11,-11.121,1,0.116,0.0748,0.764,0.0819,0.961,185.134,203267,4,61
202,0.241,0.97,10,-4.246,0,0.104,7.35e-05,0.0,0.904,0.621,159.93,180840,4,63
203,0.409,0.918,0,-6.575,0,0.0637,0.000208,9.21e-05,0.114,0.301,159.92,426160,4,34
204,0.764,0.662,9,-10.231,0,0.263,0.28,0.000437,0.0918,0.808,88.784,237400,4,44
205,0.632,0.706,7,-7.391,1,0.0676,0.0749,0.0413,0.0356,0.945,171.199,190333,4,53
206,0.357,0.943,6,-4.648,1,0.163,5.22e-05,0.00863,0.17,0.311,118.665,173221,3,47
207,0.63,0.477,4,-8.508,1,0.0248,0.539,0.000226,0.118,0.192,100.012,226169,4,46
208,0.215,0.24,10,-12.597,1,0.0407,0.842,5.9e-06,0.135,0.0892,128.729,211093,5,54
209,0.435,0.912,5,-6.895,0,0.0965,0.555,0.537,0.773,0.321,138.564,175893,4,39
210,0.394,0.329,4,-12.218,1,0.0345,0.78,7.16e-05,0.102,0.268,72.345,260440,4,35
211,0.542,0.91,7,-8.924,1,0.0873,0.00228,0.00524,0.0686,0.775,101.774,173320,4,68
212,0.594,0.554,11,-5.004,1,0.0386,0.465,0.0,0.133,0.668,77.527,145360,4,51
213,0.401,0.13,5,-17.638,1,0.0312,0.989,0.305,0.101,0.213,93.091,210653,4,63
214,0.299,0.937,6,-4.657,0,0.0677,4.48e-05,7.77e-05,0.283,0.225,170.775,225768,4,49
215,0.575,0.555,4,-7.495,1,0.0453,0.103,1.3e-06,0.111,0.504,95.361,232467,4,73
216,0.53,0.647,0,-11.221,1,0.0327,0.00223,0.485,0.454,0.726,154.818,235933,4,55
217,0.226,0.975,10,-5.166,0,0.107,5.4e-06,0.655,0.307,0.42,100.01,178280,4,42
218,0.527,0.923,2,-7.458,1,0.0379,0.000541,0.765,0.127,0.899,146.924,208453,4,68
219,0.213,0.927,7,-3.378,0,0.14,0.000729,4.85e-06,0.081,0.28,162.109,348387,4,62
220,0.398,0.864,10,-8.199,1,0.0492,0.523,0.0,0.0985,0.782,148.47,135747,4,38
221,0.586,0.563,2,-7.807,1,0.0412,0.00372,0.0,0.0839,0.216,118.044,229316,4,42
222,0.501,0.813,11,-8.192,1,0.0639,0.0455,4.75e-05,0.131,0.495,136.59,138707,4,69
223,0.54,0.746,7,-9.412,1,0.045,0.13,8.73e-06,0.0976,0.826,163.809,219867,4,61
224,0.332,0.0525,0,-24.1,1,0.0388,0.991,0.891,0.0683,0.097,78.853,158600,3,61
225,0.484,0.425,2,-10.851,1,0.288,0.338,2.02e-05,0.0429,0.603,197.674,203507,4,31
226,0.443,0.727,4,-7.951,1,0.145,0.263,0.000141,0.169,0.566,160.82,253333,4,69
227,0.482,0.916,5,-4.557,1,0.0473,3.51e-05,0.000588,0.0474,0.385,96.101,235160,4,57
228,0.573,0.913,5,-6.52,0,0.0409,0.00861,0.0273,0.114,0.795,88.418,260810,4,72
229,0.619,0.579,4,-9.307,1,0.0473,0.0152,6.4e-05,0.0858,0.69,127.224,225627,4,71
230,0.463,0.926,7,-3.204,1,0.122,0.0555,0.0,0.478,0.437,91.197,284987,4,50
231,0.457,0.986,1,-3.058,0,0.125,1.48e-05,0.0126,0.123,0.104,140.002,287533,4,37
232,0.639,0.929,0,-4.762,1,0.212,0.00326,0.0501,0.242,0.688,103.758,214707,4,55
233,0.487,0.803,0,-4.871,0,0.034,0.145,0.0,0.081,0.255,75.021,173000,4,51
234,0.187,0.76,11,-6.844,0,0.0595,0.00486,0.00503,0.109,0.0777,86.943,366483,4,35
235,0.76,0.546,2,-6.504,0,0.0461,0.581,5.94e-05,0.116,0.471,100.103,138000,4,25
236,0.474,0.937,0,-3.703,1,0.0708,0.00039,0.0276,0.307,0.386,160.023,304440,4,37
237,0.416,0.839,9,-5.324,1,0.0379,0.47,0.0787,0.193,0.894,151.774,245627,4,57
238,0.498,0.342,9,-14.183,0,0.0383,0.938,0.0515,0.0648,0.608,106.316,201133,4,39
239,0.434,0.614,6,-8.334,1,0.0525,0.486,0.000196,0.394,0.787,147.681,109667,4,35
240,0.487,0.978,10,-1.451,0,0.111,0.00014,0.0251,0.307,0.266,100.0,265000,4,57
241,0.762,0.651,0,-13.34,1,0.0655,0.00198,0.856,0.111,0.941,130.395,449160,4,71
242,0.714,0.665,11,-8.213,0,0.198,0.000486,0.539,0.0728,0.885,129.924,238720,4,53
243,0.615,0.477,2,-8.816,1,0.092,0.0558,6.25e-05,0.231,0.731,156.008,259467,4,49
244,0.415,0.00977,10,-35.055,1,0.0409,0.993,0.965,0.11,0.142,91.468,318320,4,36
245,0.413,0.725,3,-5.787,0,0.0324,0.369,2.16e-05,0.0905,0.44,124.618,429760,4,70
246,0.501,0.905,11,-5.721,0,0.0518,1.88e-05,0.765,0.383,0.584,123.277,225307,4,70
247,0.491,0.5,0,-8.346,0,0.0362,0.409,0.000374,0.153,0.311,132.085,208860,4,43
248,0.692,0.711,0,-7.498,0,0.0317,0.225,0.0,0.12,0.875,125.135,216933,4,81
249,0.402,0.597,2,-9.258,1,0.0327,0.0385,2.09e-06,0.109,0.496,81.806,287000,4,66
250,0.294,0.97,4,-4.942,1,0.265,0.000706,0.0,0.123,0.144,166.475,234707,4,59
251,0.449,0.267,10,-15.301,1,0.0288,0.977,0.934,0.119,0.104,88.003,218800,4,43
252,0.727,0.767,2,-5.781,1,0.0519,0.138,3.8e-05,0.1,0.774,113.05,168186,4,28
253,0.684,0.446,5,-9.256,0,0.0726,0.216,3.48e-06,0.102,0.383,80.963,192593,4,21
254,0.165,0.932,0,-4.973,1,0.105,0.000707,1.6e-06,0.357,0.159,69.031,276402,4,21
255,0.389,0.905,8,-4.494,0,0.0354,0.00844,0.00016,0.124,0.672,121.836,190493,4,62
256,0.494,0.862,4,-9.158,0,0.0273,0.012,0.213,0.228,0.59,112.596,292800,4,65
257,0.438,0.411,4,-7.728,1,0.031,0.758,0.0,0.128,0.173,175.627,219529,4,34
258,0.67,0.37,11,-9.242,1,0.0284,0.794,0.0,0.0924,0.419,120.047,217164,4,32
259,0.504,0.69,7,-6.187,1,0.0291,0.0394,0.0,0.0918,0.566,87.963,176099,4,48
260,0.16,0.231,0,-9.086,1,0.0381,0.728,0.0928,0.133,0.137,82.757,175240,4,49
261,0.48,0.983,1,-6.022,0,0.0571,3.99e-05,0.112,0.0582,0.567,102.484,201115,4,40
262,0.445,0.035,10,-21.356,1,0.0478,0.994,0.927,0.0983,0.181,131.467,579840,4,8
263,0.333,0.877,5,-1.894,0,0.0603,0.00332,0.00101,0.769,0.285,175.095,188187,4,63
264,0.489,0.98,7,-4.465,1,0.0896,7.86e-06,0.00874,0.0983,0.278,130.055,197615,4,0
265,0.711,0.717,10,-5.262,1,0.159,0.299,0.0,0.174,0.664,99.891,175200,4,31
266,0.59,0.587,7,-7.345,1,0.0355,0.76,1.06e-05,0.538,0.623,137.973,171027,4,37
267,0.7,0.696,7,-5.356,1,0.0525,0.262,0.0,0.107,0.293,124.825,194867,4,56
268,0.596,0.598,0,-13.409,1,0.0268,0.00808,3.07e-06,0.241,0.595,113.825,213373,4,63
269,0.497,0.983,8,-4.496,1,0.128,3.11e-05,0.0,0.226,0.419,135.058,163157,4,19
270,0.546,0.97,5,-2.661,0,0.097,0.000823,2.08e-05,0.275,0.383,100.065,216427,4,69
271,0.418,0.458,4,-8.592,1,0.0266,0.6,0.0189,0.109,0.204,78.679,232686,4,37
272,0.293,0.275,3,-13.281,0,0.0326,0.963,0.958,0.145,0.157,106.786,124653,4,29
273,0.482,0.972,1,-6.42,1,0.0921,4.71e-05,0.81,0.378,0.277,141.93,230663,3,45
274,0.504,0.918,0,-3.463,1,0.0517,0.00164,2.12e-05,0.78,0.539,92.031,294827,4,69
275,0.136,0.164,4,-18.756,0,0.0364,0.911,0.916,0.109,0.071,58.303,166867,4,63
276,0.443,0.933,6,-7.018,0,0.0463,0.0051,0.0,0.345,0.517,154.055,251000,4,56
277,0.323,0.978,5,-3.841,1,0.118,0.0422,0.00019,0.201,0.168,134.222,211973,4,55
278,0.323,0.996,0,-1.303,1,0.352,4.22e-05,0.0294,0.375,0.415,74.059,189735,4,50
279,0.285,0.86,4,-5.882,1,0.0537,0.000851,0.0,0.0815,0.209,106.613,264413,3,57
280,0.637,0.682,11,-11.625,1,0.0366,0.0112,0.0234,0.0473,0.714,129.983,224907,4,59
281,0.257,0.848,6,-6.365,0,0.052,8.79e-06,0.0254,0.0636,0.197,199.882,248027,4,33
282,0.373,0.679,0,-9.195,1,0.0393,7.83e-05,0.116,0.247,0.42,90.974,223267,4,55
283,0.506,0.983,10,-6.031,1,0.0894,1.56e-05,0.503,0.161,0.072,108.009,285367,4,39
284,0.434,0.911,4,-6.89,1,0.11,0.000151,0.0643,0.357,0.426,139.702,131143,4,47
285,0.431,0.408,8,-8.411,1,0.0309,0.531,0.0,0.929,0.214,143.022,291853,4,44
286,0.466,0.672,4,-5.926,1,0.036,0.737,0.0,0.0858,0.334,89.081,198520,4,61
287,0.355,0.946,1,-5.821,1,0.136,0.00108,0.367,0.193,0.143,179.803,109200,3,47
288,0.557,0.32,1,-10.792,0,0.0438,0.739,3.99e-05,0.112,0.377,176.647,204533,4,58
289,0.544,0.885,7,-9.975,1,0.0732,0.0383,0.0121,0.369,0.208,115.302,289893,4,35
290,0.437,0.971,0,-3.816,1,0.103,0.0643,0.0,0.335,0.0398,135.046,209034,4,37
291,0.6,0.87,9,-3.413,0,0.0704,0.0593,0.00635,0.104,0.659,160.502,184687,4,64
292,0.287,0.991,10,-0.645,0,0.123,0.00657,0.00489,0.368,0.108,159.831,199747,4,38
293,0.486,0.742,11,-7.406,0,0.0637,0.0416,0.00295,0.186,0.181,108.335,414926,4,52
294,0.518,0.493,7,-11.077,0,0.0311,0.402,0.0107,0.112,0.816,89.494,194333,3,39
295,0.0,0.0842,9,-19.397,1,0.0,0.755,0.889,0.262,0.0,0.0,432533,0,58
296,0.192,0.0231,9,-28.434,0,0.0464,0.984,0.558,0.0776,0.04,70.368,166133,5,49
297,0.683,0.594,2,-8.289,1,0.0347,0.385,8.61e-05,0.121,0.734,115.099,250400,4,70
298,0.202,0.161,10,-22.956,0,0.0484,0.989,0.891,0.134,0.187,166.287,360196,4,54
299,0.458,0.878,10,-6.035,0,0.0601,0.000201,0.0819,0.223,0.348,98.144,253440,4,51
300,0.553,0.6,9,-7.249,1,0.0265,2.99e-05,2.17e-06,0.0916,0.681,76.335,273427,4,38
301,0.259,0.991,5,-2.278,1,0.121,0.000136,2.99e-06,0.29,0.0372,110.038,316599,4,49
302,0.239,0.266,7,-9.859,1,0.0292,0.906,0.00108,0.161,0.199,87.632,204000,4,14
303,0.213,0.957,3,-2.967,1,0.235,0.00156,0.0,0.394,0.157,196.118,242080,3,60
304,0.626,0.667,0,-11.817,0,0.0283,0.209,0.000257,0.0779,0.83,112.776,257631,4,61
305,0.31,0.874,1,-11.889,1,0.152,0.000416,0.712,0.0695,0.096,131.717,279973,4,45
306,0.36,0.909,8,-6.827,1,0.0663,0.000347,3.28e-05,0.282,0.647,155.293,217387,4,57
307,0.507,0.493,0,-6.676,1,0.0267,0.0397,1.32e-06,0.102,0.261,97.85,173961,4,60
308,0.701,0.341,1,-12.26,0,0.0418,0.499,0.903,0.359,0.163,105.513,151507,3,58
309,0.306,0.816,9,-10.498,0,0.0481,0.00846,0.954,0.212,0.494,192.01,226128,4,44
310,0.423,0.381,0,-5.507,1,0.0303,0.649,0.0,0.143,0.355,79.525,182122,4,16
311,0.797,0.872,9,-6.727,0,0.0575,0.291,0.0,0.284,0.866,129.885,222427,4,72
312,0.37,0.42,2,-9.032,1,0.033,0.973,0.926,0.115,0.28,127.205,258963,4,21
313,0.477,0.899,2,-6.06,1,0.122,0.000241,0.000147,0.0598,0.555,104.821,256293,4,45
314,0.405,0.962,10,-3.604,1,0.0801,1.01e-05,0.219,0.501,0.18,144.989,217667,4,37
315,0.356,0.914,6,-5.698,1,0.0689,0.00108,0.0,0.139,0.149,136.104,180027,4,50
316,0.233,0.931,9,-5.063,1,0.0874,1.1e-05,2.75e-06,0.117,0.145,134.978,264653,4,50
317,0.386,0.492,0,-13.402,1,0.038,0.303,0.889,0.235,0.699,168.752,133933,4,43
318,0.481,0.973,7,-1.945,1,0.0542,0.0037,0.000877,0.325,0.362,99.331,195520,4,69
319,0.632,0.893,7,-6.04,1,0.0455,0.0143,5.24e-06,0.0741,0.773,149.97,253800,4,60
320,0.553,0.901,0,-6.202,1,0.0454,0.0103,0.00312,0.0571,0.617,106.943,283027,4,37
321,0.509,0.93,0,-2.689,0,0.0474,0.00137,0.0,0.152,0.783,154.946,149640,4,62
322,0.612,0.351,11,-9.592,1,0.0303,0.536,0.000102,0.0838,0.433,134.515,220363,4,31
323,0.683,0.558,6,-9.935,0,0.0474,0.579,0.000459,0.11,0.47,94.92,156501,4,30
324,0.554,0.963,6,-3.762,0,0.035,0.000244,0.0702,0.431,0.918,128.175,195147,4,76
325,0.239,0.941,2,-4.535,0,0.0967,2.3e-05,2.38e-06,0.327,0.223,81.844,192787,3,54
326,0.587,0.572,7,-5.296,1,0.0274,0.755,7.18e-06,0.208,0.394,135.942,257785,4,52
327,0.399,0.957,10,-3.112,0,0.108,0.00156,0.0,0.34,0.3,169.996,286540,4,33
328,0.472,0.491,2,-7.219,1,0.0267,0.352,2e-06,0.193,0.207,81.927,208893,4,40
329,0.451,0.818,2,-8.124,1,0.0439,0.135,2.92e-05,0.052,0.755,124.532,229360,4,64
330,0.402,0.737,11,-4.419,1,0.0382,0.00613,1.08e-06,0.126,0.626,173.818,213613,4,40
331,0.283,0.891,2,-8.165,1,0.178,0.00678,0.0038,0.159,0.226,92.049,258267,4,68
332,0.579,0.812,1,-6.509,0,0.0693,0.00114,0.00333,0.115,0.278,152.002,223747,4,69
333,0.336,0.173,11,-14.492,0,0.0477,0.99,0.927,0.076,0.0374,118.564,332360,3,54
334,0.0977,0.0639,7,-26.691,1,0.0402,0.919,0.9,0.244,0.0395,88.025,90187,3,35
335,0.44,0.904,11,-4.409,0,0.177,0.275,7.45e-06,0.106,0.546,138.104,167840,4,50
336,0.659,0.506,4,-8.318,1,0.0384,0.45,0.0,0.134,0.388,132.979,277591,4,17
337,0.386,0.408,4,-5.568,0,0.0285,0.687,0.0,0.182,0.398,149.675,237107,4,56
338,0.661,0.349,7,-13.926,0,0.0658,0.837,0.86,0.0589,0.361,128.191,312415,4,14
339,0.731,0.875,7,-6.393,1,0.0457,0.000367,0.858,0.289,0.164,112.78,594453,4,60
340,0.201,0.777,1,-10.167,1,0.0705,0.304,0.78,0.0981,0.235,145.733,433573,4,56
341,0.488,0.997,5,-3.558,1,0.182,0.00381,0.75,0.313,0.0749,125.041,268871,4,49
342,0.445,0.935,10,-4.444,0,0.0906,0.000207,0.00538,0.256,0.185,109.985,232635,4,43
343,0.435,0.971,7,-5.603,1,0.0832,5.95e-06,1.98e-05,0.1,0.267,89.993,199000,4,39
344,0.33,0.556,7,-11.494,1,0.0796,0.207,4.39e-05,0.315,0.506,173.828,222279,4,57
345,0.69,0.681,9,-5.653,1,0.0379,0.0623,0.0,0.137,0.911,75.034,136147,4,67
346,0.628,0.863,4,-4.384,1,0.0399,0.0187,0.0,0.0976,0.719,105.94,196493,4,36
347,0.626,0.792,0,-2.734,1,0.0721,0.000126,0.022,0.438,0.433,133.212,188600,4,66
348,0.334,0.974,0,-3.597,1,0.156,2e-05,3.26e-05,0.404,0.305,178.051,228304,4,41
349,0.492,0.969,9,-4.419,1,0.0491,0.0014,1.32e-06,0.0787,0.538,95.136,157333,4,77
350,0.335,0.858,7,-4.565,1,0.0532,0.00289,0.0,0.148,0.451,177.981,230427,4,57
351,0.63,0.653,11,-3.592,1,0.0252,0.175,0.0,0.108,0.442,104.003,201280,4,56
352,0.557,0.978,0,-3.965,1,0.0493,0.000393,4.42e-06,0.287,0.499,149.887,154907,4,63
353,0.538,0.752,10,-5.106,1,0.0396,0.0608,5.39e-06,0.118,0.217,139.984,205107,4,70
354,0.474,0.969,5,-5.609,0,0.0911,0.00145,0.000567,0.0738,0.192,140.056,397027,4,44
355,0.425,0.936,8,-5.52,0,0.0829,2.1e-05,0.0,0.926,0.417,158.046,219107,4,63
356,0.318,0.808,8,-7.186,1,0.0703,0.000257,0.0146,0.283,0.219,147.74,304613,4,46
357,0.556,0.812,0,-4.193,1,0.0469,0.0171,0.143,0.143,0.181,99.935,273067,4,56
358,0.401,0.901,1,-5.011,0,0.041,0.0704,0.0,0.538,0.839,134.799,193320,4,69
359,0.47,0.909,9,-5.215,0,0.0339,0.00732,0.304,0.314,0.534,161.647,219067,4,55
360,0.439,0.971,11,-5.855,0,0.177,0.0148,1.34e-05,0.255,0.24,118.369,163880,4,54
361,0.551,0.904,2,-4.337,1,0.0448,2.55e-05,0.0663,0.249,0.546,114.996,186359,4,49
362,0.376,0.0164,9,-25.933,0,0.0475,0.991,0.866,0.116,0.0364,108.821,131200,4,58
363,0.32,0.94,2,-4.823,0,0.0866,0.000402,0.14,0.235,0.0724,182.189,234547,4,48
364,0.157,0.0553,9,-23.391,1,0.0381,0.984,0.8,0.107,0.0421,83.299,136960,4,49
365,0.382,0.996,7,-4.119,1,0.104,0.00208,0.0,0.417,0.327,93.345,147840,4,71
366,0.612,0.747,0,-8.281,1,0.0267,0.0236,0.0,0.315,0.781,91.998,250924,4,43
367,0.435,0.845,0,-6.091,0,0.046,8.19e-05,5.63e-05,0.521,0.34,128.059,303253,4,40
368,0.612,0.561,8,-7.374,1,0.0312,0.359,0.0,0.11,0.361,119.959,223448,4,52
369,0.428,0.781,1,-6.823,0,0.281,0.0675,0.000781,0.615,0.709,93.244,146480,4,64
370,0.52,0.84,6,-4.296,1,0.0447,0.0207,0.0,0.173,0.656,153.938,199093,4,39
371,0.513,0.978,2,-3.641,1,0.224,0.000926,0.881,0.0963,0.236,134.945,248560,4,38
372,0.483,0.918,4,-4.955,0,0.0588,0.00229,0.0022,0.155,0.224,90.0,288167,4,33
373,0.499,0.397,2,-9.279,1,0.0326,0.747,2.12e-05,0.112,0.208,147.963,206854,4,47
374,0.633,0.834,7,-6.072,1,0.0327,0.0542,1.76e-05,0.115,0.869,97.991,218000,4,40
375,0.235,0.0639,11,-24.404,0,0.049,0.962,0.603,0.466,0.0781,120.736,200360,3,55
376,0.172,0.964,4,-4.962,0,0.202,0.000138,1.51e-05,0.0932,0.0388,139.976,384286,4,38
377,0.19,0.02,11,-33.983,0,0.0489,0.994,0.897,0.118,0.114,214.261,221401,4,42
378,0.276,0.449,4,-11.428,1,0.0375,0.00782,0.783,0.108,0.278,101.687,230987,4,61
379,0.42,0.965,0,-1.986,1,0.0403,0.0981,0.000335,0.0784,0.846,176.243,169920,4,63
380,0.604,0.416,2,-17.154,0,0.0372,0.000315,0.0165,0.0897,0.512,112.338,239360,4,63
381,0.578,0.515,11,-9.541,1,0.0347,0.05,0.0268,0.119,0.302,112.879,216733,4,55
382,0.48,0.852,9,-6.729,0,0.217,0.469,5.54e-05,0.162,0.934,201.777,210125,5,37
383,0.523,0.501,1,-9.276,1,0.0366,0.459,0.0,0.0818,0.391,158.179,201267,4,62
384,0.192,0.757,9,-5.253,1,0.0844,4.68e-05,0.00133,0.123,0.294,83.105,243467,5,53
385,0.555,0.829,11,-3.374,1,0.0341,0.105,0.0,0.126,0.487,139.99,198142,4,0
386,0.552,0.836,6,-5.608,1,0.0453,0.00942,0.0,0.372,0.432,140.496,208280,4,68
387,0.22,0.947,2,-4.263,1,0.129,9.06e-05,1.71e-06,0.0651,0.277,181.419,211595,3,42
388,0.623,0.983,11,-3.548,0,0.151,9.62e-05,0.0617,0.261,0.271,134.975,162293,4,64
389,0.73,0.688,4,-6.666,1,0.107,0.0285,0.00143,0.0908,0.488,105.95,155531,4,27
390,0.59,0.372,7,-12.37,1,0.0318,0.00105,0.00929,0.316,0.306,99.887,210907,4,68
391,0.401,0.311,8,-7.327,1,0.0437,0.754,0.0,0.279,0.282,79.197,253293,4,48
392,0.429,0.978,11,-4.88,1,0.126,0.000227,6.81e-06,0.0583,0.43,121.651,191360,4,54
393,0.576,0.864,6,-3.981,1,0.0462,0.02,1.68e-06,0.683,0.609,97.225,272973,4,73
394,0.594,0.692,11,-9.444,0,0.114,0.0131,0.678,0.0647,0.552,153.47,576703,4,55
395,0.385,0.623,8,-7.841,1,0.039,0.247,0.00854,0.103,0.354,175.826,210493,4,30
396,0.125,0.0734,0,-21.889,0,0.0351,0.553,0.875,0.176,0.0347,96.982,710000,4,41
397,0.243,0.11,4,-20.122,1,0.0441,0.508,0.894,0.142,0.0386,83.265,167610,4,56
398,0.406,0.718,8,-7.094,1,0.0505,2.83e-06,0.641,0.0438,0.301,130.026,291923,4,38
399,0.442,0.556,4,-6.925,1,0.0345,0.0751,7.59e-06,0.0984,0.26,140.563,262227,4,42
400,0.614,0.721,0,-8.962,1,0.0322,0.000642,0.0817,0.167,0.708,146.629,175907,4,56
401,0.428,0.714,5,-9.735,1,0.0376,0.0697,0.212,0.163,0.435,94.033,323133,4,58
402,0.368,0.987,9,-3.367,1,0.21,1.03e-05,0.0,0.347,0.175,138.894,194120,4,46
403,0.518,0.531,11,-10.62,0,0.0542,0.776,0.128,0.748,0.293,126.988,291493,4,13
404,0.579,0.654,1,-12.421,0,0.0553,0.121,3.62e-06,0.0673,0.616,129.537,216467,4,75
405,0.721,0.797,0,-6.531,0,0.0438,0.743,0.000767,0.262,0.771,105.021,150857,4,25
406,0.791,0.448,10,-9.966,1,0.0707,0.258,8.39e-06,0.111,0.34,95.02,164211,4,44
407,0.682,0.979,10,-6.496,0,0.0733,0.0649,0.882,0.14,0.277,124.188,351400,4,53
408,0.49,0.652,2,-5.813,1,0.0274,0.00196,6.24e-05,0.0991,0.339,90.085,192467,4,66
409,0.603,0.506,9,-9.531,1,0.0391,0.213,0.0,0.0553,0.735,124.953,191493,4,34
410,0.786,0.517,0,-14.507,1,0.0445,0.034,0.546,0.0998,0.958,136.923,212573,4,52
411,0.429,0.258,7,-16.967,0,0.0549,0.957,0.893,0.115,0.0972,78.809,112353,1,63
412,0.164,0.0572,7,-22.41,1,0.0416,0.927,0.848,0.127,0.18,173.391,188761,4,42
413,0.435,0.081,7,-16.319,1,0.0358,0.922,0.0106,0.121,0.131,127.128,301477,3,13
414,0.623,0.936,0,-9.955,1,0.0528,0.000617,9.86e-05,0.269,0.705,101.514,217133,4,65
415,0.771,0.625,11,-4.567,1,0.0345,0.197,1.28e-05,0.168,0.526,109.933,145278,4,36
416,0.287,0.00562,4,-38.358,0,0.0417,0.995,0.906,0.0615,0.219,77.57,306386,4,35
417,0.516,0.945,7,-4.202,1,0.0979,0.000602,0.0683,0.0841,0.101,174.756,210533,4,55
418,0.598,0.954,2,-4.86,1,0.0801,0.00951,2.86e-05,0.127,0.235,100.98,311987,4,56
419,0.623,0.709,1,-9.818,0,0.0636,0.102,0.0,0.0967,0.948,122.394,165381,4,65
420,0.76,0.328,3,-9.781,1,0.0349,0.919,0.00817,0.13,0.297,122.025,209231,4,48
421,0.375,0.6,11,-9.313,1,0.033,0.0966,0.000972,0.759,0.916,169.976,151693,4,54
422,0.585,0.658,3,-4.833,1,0.0317,0.395,0.0,0.162,0.683,94.962,216453,4,50
423,0.585,0.611,1,-12.008,0,0.187,0.226,0.00527,0.411,0.518,89.955,184111,4,26
424,0.405,0.592,11,-12.309,1,0.0698,0.262,0.021,0.166,0.659,82.736,208667,4,60
425,0.619,0.637,2,-7.369,1,0.0286,0.015,0.0,0.374,0.936,105.205,246307,4,59
426,0.374,0.853,9,-11.13,0,0.0532,9.48e-05,4.71e-06,0.0663,0.328,98.918,298634,3,46
427,0.585,0.931,0,-4.843,1,0.0852,0.00119,2.46e-05,0.115,0.818,160.079,198600,4,55
428,0.496,0.863,9,-4.153,1,0.0381,0.0046,0.0,0.639,0.243,110.018,185587,4,82
429,0.31,0.451,6,-7.88,0,0.0324,0.0279,2.31e-06,0.105,0.196,100.067,224201,4,33
430,0.458,0.941,9,-6.579,0,0.0595,0.000276,2.47e-06,0.119,0.267,90.023,313147,4,41
431,0.295,0.79,11,-5.696,0,0.0394,0.0493,2.28e-06,0.182,0.562,110.491,136293,3,31
432,0.439,0.894,6,-6.396,0,0.0517,3.3e-06,0.0211,0.0905,0.591,96.106,176600,4,55
433,0.588,0.927,6,-4.776,0,0.113,0.000305,3.83e-05,0.195,0.652,93.571,175227,4,65
434,0.441,0.994,7,-2.934,1,0.239,7.25e-05,0.000147,0.382,0.0478,139.931,213125,4,42
435,0.333,0.927,9,-8.55,0,0.0733,0.0029,0.000208,0.297,0.385,141.466,308120,4,75
436,0.645,0.713,7,-4.885,1,0.0702,0.414,1.67e-05,0.0976,0.634,107.985,197982,4,14
437,0.443,0.778,0,-7.564,0,0.266,0.241,0.0,0.215,0.628,128.25,168000,5,60
438,0.433,0.752,9,-8.365,1,0.113,0.0116,0.000667,0.59,0.362,122.901,254840,4,50
439,0.743,0.404,3,-5.944,1,0.0303,0.529,0.0,0.0836,0.597,143.923,225173,3,14
440,0.375,0.956,2,-7.078,1,0.175,0.144,7.6e-06,0.417,0.381,175.04,150201,4,51
441,0.457,0.981,8,-4.019,1,0.176,1.3e-05,0.17,0.0989,0.0718,125.039,221092,4,38
442,0.297,0.0214,5,-32.398,1,0.0658,0.995,0.934,0.0652,0.132,212.349,283227,4,49
443,0.722,0.562,7,-10.3,0,0.088,0.317,0.000409,0.281,0.82,93.902,137064,4,30
444,0.484,0.605,1,-8.521,0,0.227,0.433,0.0678,0.109,0.516,93.007,186000,4,26
445,0.415,0.72,7,-11.177,1,0.0492,0.481,0.0,0.185,0.619,176.785,234627,4,44
446,0.651,0.801,0,-7.34,1,0.0514,0.123,0.0,0.0825,0.776,133.769,200480,4,72
447,0.215,0.709,10,-7.4,1,0.0355,0.847,0.000237,0.125,0.553,166.15,187760,3,0
448,0.626,0.956,7,-1.774,1,0.0397,0.0762,0.000149,0.205,0.389,122.08,182239,4,32
449,0.741,0.397,0,-10.921,1,0.0357,0.933,0.645,0.221,0.281,99.985,249058,4,9
450,0.729,0.356,6,-13.743,0,0.0347,0.0916,0.0905,0.052,0.392,95.026,240333,4,60
451,0.583,0.891,9,-4.565,0,0.0345,0.00088,0.000163,0.103,0.814,136.794,229267,4,53
452,0.276,0.883,9,-5.625,1,0.0446,0.000252,0.462,0.0973,0.164,164.052,266027,4,57
453,0.344,0.81,11,-8.098,1,0.0448,0.0017,0.000409,0.119,0.667,153.801,160827,4,52
454,0.356,0.0566,5,-20.647,1,0.0437,0.978,0.186,0.0616,0.205,147.17,580827,4,42
455,0.447,0.449,2,-10.634,1,0.0376,0.934,0.961,0.0697,0.036,92.468,315427,4,47
456,0.588,0.33,8,-8.554,1,0.027,0.881,0.000919,0.157,0.643,78.98,191208,4,36
457,0.715,0.616,5,-10.124,0,0.111,0.504,0.0372,0.611,0.901,93.421,272427,4,40
458,0.21,0.937,4,-4.596,0,0.18,0.000415,0.0,0.143,0.311,172.323,233763,3,50
459,0.484,0.434,1,-6.931,1,0.0357,0.726,0.0,0.0941,0.26,130.117,215240,4,40
460,0.594,0.787,11,-5.598,1,0.0429,0.151,0.0,0.095,0.447,167.949,223330,4,41
461,0.881,0.546,7,-9.357,1,0.0407,0.0532,0.000149,0.0497,0.852,102.814,320413,4,53
462,0.519,0.379,0,-9.906,1,0.0279,0.619,1.85e-06,0.108,0.208,85.929,247053,4,58
463,0.495,0.588,4,-8.036,1,0.0367,0.479,0.00205,0.174,0.286,133.942,321938,4,9
464,0.645,0.0381,11,-25.397,0,0.0369,0.993,0.867,0.0848,0.344,80.027,199500,4,12
465,0.445,0.528,10,-7.243,1,0.0744,0.677,0.0,0.155,0.511,203.155,223452,4,59
466,0.662,0.306,8,-11.878,1,0.0262,0.803,8.64e-06,0.0936,0.286,89.945,230611,4,22
467,0.235,0.932,1,-4.208,1,0.132,0.000137,0.000119,0.681,0.159,87.543,201101,4,41
468,0.478,0.982,8,-2.892,0,0.162,0.00217,0.00615,0.183,0.487,111.987,295714,4,37
469,0.4,0.915,1,-6.961,1,0.0635,9.07e-05,1.67e-06,0.0879,0.378,159.928,305507,4,43
470,0.802,0.349,4,-16.129,0,0.213,0.761,0.0409,0.108,0.309,98.011,195918,4,31
471,0.712,0.281,1,-15.497,0,0.0332,0.638,3.66e-05,0.0797,0.807,112.787,309973,4,57
472,0.491,0.904,9,-4.729,1,0.0765,0.00929,0.0,0.106,0.607,156.031,247760,4,60
473,0.385,0.137,2,-14.527,1,0.0316,0.948,0.000147,0.142,0.189,138.596,187742,4,11
474,0.506,0.326,11,-6.256,1,0.0307,0.831,0.0,0.0974,0.362,141.665,198592,4,55
475,0.45,0.275,8,-11.48,1,0.0374,0.51,0.0711,0.0847,0.311,140.094,203293,4,64
476,0.685,0.584,5,-10.616,0,0.0276,0.288,0.00918,0.124,0.939,134.546,302413,4,74
477,0.563,0.86,8,-7.533,1,0.0621,0.00834,0.0106,0.39,0.517,97.867,256240,4,70
478,0.478,0.855,4,-7.438,0,0.121,0.0134,3.18e-05,0.179,0.668,151.93,243760,4,52
479,0.565,0.968,1,-5.165,1,0.0568,1.33e-05,0.188,0.089,0.693,108.003,248906,4,55
480,0.588,0.908,9,-8.117,1,0.0431,0.151,0.000248,0.596,0.926,143.96,244120,4,61
481,0.374,0.716,7,-8.656,1,0.034,0.000285,0.00111,0.195,0.35,136.757,227160,4,50
482,0.19,0.932,9,-4.862,0,0.219,0.00467,0.0547,0.065,0.0511,170.015,694225,4,33
483,0.762,0.829,6,-5.736,1,0.0428,0.0907,0.00345,0.11,0.416,117.994,350847,4,38
484,0.468,0.807,0,-4.495,1,0.0649,0.401,0.0,0.423,0.667,74.738,268186,4,49
485,0.545,0.882,5,-4.864,1,0.119,0.000169,0.0368,0.332,0.595,122.259,206200,4,60
486,0.427,0.271,10,-10.661,1,0.0378,0.802,0.0268,0.0996,0.21,119.396,199571,3,34
487,0.214,0.963,1,-4.682,0,0.169,0.000121,0.000279,0.29,0.259,153.004,257000,4,50
488,0.237,0.991,6,-5.285,1,0.174,3.59e-05,0.572,0.326,0.157,134.976,176120,4,42
489,0.535,0.716,4,-5.025,1,0.0431,0.326,0.0,0.659,0.901,94.379,175173,4,77
490,0.592,0.882,8,-8.315,1,0.0468,0.00884,0.0155,0.0506,0.442,92.157,409400,4,59
491,0.551,0.628,2,-13.799,1,0.036,0.0336,0.000194,0.151,0.777,142.167,212893,4,59
492,0.762,0.522,0,-15.166,1,0.0504,0.289,0.00059,0.171,0.815,99.984,201600,4,37
493,0.598,0.244,9,-8.003,1,0.0374,0.767,3.38e-05,0.106,0.225,117.109,340533,4,45
494,0.22,0.954,1,-3.744,1,0.172,0.000178,0.000733,0.369,0.206,197.672,383037,4,43
495,0.417,0.586,2,-12.217,1,0.04,0.000358,0.0457,0.0957,0.966,183.704,175640,4,40
496,0.332,0.126,2,-15.297,1,0.0379,0.984,0.836,0.0399,0.382,75.961,333147,4,35
497,0.354,0.941,4,-7.182,0,0.0793,0.000231,3.87e-05,0.159,0.44,82.377,242320,4,36
498,0.681,0.412,2,-5.142,1,0.0561,0.88,0.162,0.146,0.397,99.091,192553,4,10
499,0.589,0.488,9,-13.165,1,0.0322,0.558,0.0461,0.0918,0.811,124.774,229785,4,45
500,0.323,0.401,10,-7.927,1,0.031,0.78,6.16e-06,0.101,0.289,153.523,252232,4,35
501,0.457,0.93,2,-4.544,0,0.0673,0.0309,6.27e-05,0.135,0.294,139.819,309307,4,60
502,0.343,0.718,9,-7.632,0,0.0918,0.0585,3.49e-05,0.157,0.452,77.772,232040,4,45
503,0.711,0.728,4,-5.062,1,0.0288,0.25,1.34e-05,0.0955,0.452,105.949,233774,4,34
504,0.479,0.865,5,-8.281,0,0.0339,3.1e-05,0.228,0.182,0.77,137.902,215203,4,64
505,0.681,0.473,4,-9.784,1,0.0351,0.811,0.852,0.067,0.305,103.995,258453,3,12
506,0.746,0.903,5,-3.065,0,0.0312,0.541,0.000521,0.0643,0.94,105.99,240039,4,30
507,0.693,0.554,3,-5.041,0,0.0434,0.606,0.0,0.12,0.722,94.903,212211,4,30
508,0.669,0.848,8,-10.072,0,0.03,0.0273,0.0869,0.0881,0.661,102.048,177507,4,42
509,0.0975,0.0483,5,-27.155,0,0.0473,0.621,0.305,0.0928,0.0601,81.53,170653,4,45
510,0.343,0.98,1,-4.124,1,0.0934,6.92e-06,0.0578,0.131,0.461,194.909,237173,4,55
511,0.443,0.982,7,-3.207,1,0.152,4.93e-05,5.58e-06,0.352,0.215,75.999,158366,4,49
512,0.422,0.143,5,-10.939,1,0.0361,0.9,0.000187,0.13,0.078,72.882,273333,4,49
513,0.471,0.954,0,-5.881,1,0.131,1.86e-05,4.29e-05,0.446,0.449,116.95,208960,4,47
514,0.795,0.51,6,-10.422,1,0.0601,0.281,0.0762,0.0928,0.28,105.918,134217,4,32
515,0.253,0.151,9,-18.081,1,0.0345,0.848,0.909,0.121,0.151,136.754,129000,5,49
516,0.417,0.817,9,-7.821,1,0.0445,1.16e-05,0.823,0.0918,0.267,137.945,294783,4,39
517,0.139,0.148,7,-18.882,1,0.0386,0.929,0.954,0.106,0.0788,142.536,306533,3,53
518,0.427,0.908,8,-5.399,1,0.165,0.00325,6.12e-05,0.0475,0.617,108.681,166653,4,61
519,0.589,0.365,9,-14.291,1,0.0284,0.874,0.905,0.101,0.192,110.023,245307,4,50
520,0.793,0.362,9,-12.146,0,0.0592,0.0135,1.77e-05,0.216,0.811,133.353,226040,4,57
521,0.65,0.562,7,-5.965,1,0.0345,0.0624,3.21e-05,0.076,0.882,123.674,176867,4,54
522,0.434,0.874,5,-4.143,0,0.0549,5.6e-06,0.00355,0.428,0.365,112.559,240107,3,35
523,0.553,0.924,11,-6.142,0,0.0649,0.000501,0.85,0.177,0.119,105.061,310857,4,37
524,0.72,0.538,7,-8.11,0,0.192,0.262,1.58e-05,0.293,0.272,101.229,224000,3,31
525,0.433,0.952,4,-3.177,0,0.18,0.00301,1.6e-05,0.406,0.296,184.055,193920,4,59
526,0.613,0.555,9,-9.801,1,0.072,0.58,1.64e-06,0.119,0.556,127.267,166680,4,55
527,0.354,0.936,7,-10.812,1,0.0362,0.000227,0.935,0.321,0.64,162.01,245445,4,39
528,0.105,0.0355,0,-25.317,1,0.0393,0.948,0.965,0.0956,0.039,91.169,263493,4,54
529,0.531,0.849,9,-10.754,1,0.111,0.0389,0.00763,0.186,0.305,119.516,136427,4,59
530,0.299,0.933,6,-6.874,0,0.17,0.0742,1.21e-05,0.0723,0.205,180.092,225040,3,59
531,0.486,0.449,5,-10.298,1,0.0267,0.166,2.23e-06,0.54,0.549,100.456,254293,4,46
532,0.147,0.0457,0,-19.188,1,0.042,0.96,0.927,0.106,0.0364,138.942,349920,1,47
533,0.513,0.731,7,-6.166,1,0.0581,0.201,0.0,0.205,0.44,159.976,204480,4,54
534,0.331,0.943,4,-3.188,0,0.0698,0.00721,2.06e-06,0.242,0.296,94.612,235893,4,80
535,0.236,0.823,4,-7.165,1,0.0863,0.699,0.643,0.364,0.259,175.38,244813,4,43
536,0.473,0.917,5,-7.349,1,0.0612,1.54e-06,0.0125,0.586,0.365,99.974,294105,4,33
537,0.653,0.519,2,-10.164,1,0.0497,0.406,0.0209,0.101,0.822,98.883,153693,4,77
538,0.6,0.593,0,-9.799,1,0.0452,0.726,0.0,0.399,0.912,134.979,128427,4,56
539,0.846,0.424,9,-9.489,0,0.0352,0.754,0.000542,0.0896,0.78,119.976,220053,4,15
540,0.699,0.384,7,-13.691,1,0.044,0.148,0.0,0.121,0.584,109.573,185481,4,49
541,0.732,0.474,5,-5.004,1,0.031,0.767,0.0,0.103,0.347,90.069,174520,4,55
542,0.589,0.696,8,-8.109,1,0.034,8.65e-05,3.43e-05,0.0779,0.938,129.833,267000,4,62
543,0.754,0.359,3,-11.024,1,0.0365,0.886,0.904,0.139,0.332,119.923,306448,4,9
544,0.397,0.357,7,-14.694,0,0.0313,0.889,0.907,0.147,0.16,86.043,188347,4,57
545,0.675,0.376,6,-7.739,1,0.0642,0.825,0.0,0.105,0.592,83.967,187947,4,51
546,0.44,0.939,1,-6.032,0,0.0556,3.53e-05,0.000187,0.0477,0.349,92.197,261933,3,34
547,0.433,0.974,2,-4.683,0,0.0917,0.000866,0.404,0.0977,0.158,76.023,258840,4,43
548,0.332,0.707,7,-12.698,1,0.0361,1.2e-05,0.00612,0.11,0.652,144.815,199467,4,45
549,0.485,0.282,7,-8.949,1,0.0298,0.432,0.0,0.11,0.406,139.136,201707,4,40
550,0.331,0.976,2,-3.242,1,0.113,9.11e-06,0.000117,0.319,0.426,170.059,187547,4,62
551,0.393,0.649,4,-9.103,0,0.0541,0.69,0.0,0.159,0.697,114.054,177840,4,34
552,0.337,0.976,2,-3.654,1,0.141,0.000491,0.0,0.0984,0.494,82.22,287867,4,47
553,0.761,0.649,8,-11.568,0,0.37,0.0421,0.0,0.122,0.644,110.03,229364,4,31
554,0.465,0.94,2,-4.938,1,0.0683,1.12e-05,0.114,0.171,0.163,104.024,235453,4,39
555,0.236,0.108,9,-27.586,1,0.0388,0.99,0.896,0.134,0.444,134.989,218787,4,36
556,0.54,0.933,0,-3.107,1,0.0782,0.0188,0.000495,0.0379,0.699,122.481,277173,4,38
557,0.579,0.479,1,-7.846,1,0.0338,0.0895,0.0,0.103,0.324,148.065,210067,4,47
558,0.42,0.33,9,-13.925,1,0.0275,0.245,0.000679,0.0677,0.175,157.143,295600,3,78
559,0.794,0.374,6,-8.881,1,0.0292,0.763,0.0,0.0978,0.654,94.026,202460,4,11
560,0.545,0.815,6,-3.197,0,0.0868,0.135,0.0,0.148,0.758,170.058,218453,4,58
561,0.667,0.804,2,-8.583,1,0.0398,0.0328,0.0544,0.0632,0.759,105.799,184382,4,61
562,0.732,0.845,1,-4.812,1,0.0315,0.151,0.00102,0.107,0.642,113.013,197522,4,33
563,0.191,0.969,1,-7.557,0,0.1,0.00466,9.05e-06,0.277,0.265,173.763,162347,4,43
564,0.491,0.696,9,-10.114,1,0.0301,0.707,0.0,0.211,0.893,144.765,165360,4,30
565,0.871,0.61,7,-7.565,1,0.239,0.0307,0.000203,0.0674,0.788,134.507,193373,4,48
566,0.448,0.784,4,-7.671,0,0.0413,0.000144,1.1e-06,0.163,0.435,165.036,277587,4,33
567,0.398,0.93,11,-6.76,1,0.0615,0.000854,0.121,0.0874,0.725,190.818,408173,4,71
568,0.32,0.798,10,-7.078,0,0.124,0.00033,0.692,0.176,0.74,84.696,209040,4,69
569,0.153,0.0569,0,-20.918,1,0.0355,0.971,0.941,0.0761,0.0371,100.151,140933,4,45
570,0.355,0.48,11,-7.31,1,0.0282,0.679,2.28e-06,0.12,0.137,100.956,259267,3,68
571,0.489,0.99,5,-3.102,1,0.228,0.00292,0.0,0.194,0.125,153.972,188480,4,37
572,0.681,0.563,0,-7.917,1,0.0296,0.796,0.0,0.423,0.65,132.0,205003,4,26
573,0.372,0.91,2,-5.559,1,0.0392,0.00101,0.0944,0.13,0.756,161.964,315333,4,65
574,0.456,0.711,2,-9.205,1,0.0362,0.203,6.61e-06,0.13,0.412,124.021,173800,4,48
575,0.386,0.916,2,-5.955,1,0.0741,0.105,0.00991,0.325,0.775,135.642,238107,4,58
576,0.36,0.466,3,-7.52,1,0.03,0.64,3.43e-06,0.108,0.044,83.853,254880,4,39
577,0.272,0.962,1,-5.211,0,0.234,9.05e-05,0.52,0.0717,0.0384,118.453,284635,4,41
578,0.541,0.335,7,-6.651,1,0.0307,0.209,0.0,0.115,0.204,119.227,235904,3,46
579,0.444,0.83,6,-2.982,1,0.0314,0.0533,0.0,0.151,0.663,166.142,218773,4,47
580,0.561,0.945,9,-6.086,1,0.0444,0.0869,0.0,0.22,0.723,145.781,227760,4,63
581,0.415,0.853,7,-11.098,1,0.038,0.0107,0.000499,0.536,0.302,148.494,197013,4,63
582,0.681,0.525,9,-4.823,1,0.0512,0.619,0.0,0.103,0.551,80.052,217130,4,56
583,0.46,0.765,2,-13.655,1,0.179,0.006,2.14e-06,0.111,0.196,167.764,176227,4,42
584,0.369,0.899,4,-7.782,1,0.0782,0.00428,0.033,0.14,0.182,155.562,240824,4,40
585,0.874,0.318,3,-6.869,1,0.0454,0.0353,1.69e-05,0.217,0.919,116.117,215067,4,65
586,0.486,0.185,9,-10.372,1,0.0289,0.905,1.05e-05,0.113,0.166,131.872,266200,4,41
587,0.333,0.851,7,-5.293,1,0.0948,0.0101,0.0,0.277,0.44,108.25,303093,4,47
588,0.773,0.483,9,-9.303,1,0.0818,0.0166,0.0,0.0907,0.755,166.116,114773,4,36
589,0.628,0.455,7,-12.436,1,0.0427,0.142,0.693,0.135,0.858,102.09,318373,4,55
590,0.328,0.826,6,-5.085,1,0.0362,0.000224,0.000944,0.0818,0.341,106.606,282093,4,64
591,0.483,0.653,5,-9.436,0,0.058,0.342,0.881,0.111,0.232,126.462,534152,4,10
592,0.21,0.94,9,-3.427,1,0.123,0.00602,0.0,0.269,0.255,179.722,186480,4,75
593,0.414,0.822,8,-8.972,0,0.0597,7.98e-05,1.78e-06,0.402,0.747,113.363,262360,4,45
594,0.214,0.0733,0,-21.302,1,0.0408,0.944,0.885,0.0691,0.039,137.764,223653,5,51
595,0.647,0.377,6,-6.003,1,0.0375,0.594,0.0,0.0768,0.653,79.936,207164,4,70
596,0.592,0.581,7,-8.054,1,0.0425,0.194,4.83e-05,0.126,0.546,168.108,214648,4,47
597,0.508,0.631,2,-9.664,1,0.0393,0.257,0.962,0.0835,0.38,154.217,333885,4,10
598,0.271,0.92,5,-2.89,1,0.0572,3.62e-05,3.26e-06,0.316,0.36,83.766,288093,4,51
599,0.218,0.93,8,-4.438,1,0.0633,4.15e-05,0.0,0.126,0.367,166.078,246040,4,61
600,0.658,0.869,8,-4.431,1,0.0434,0.22,0.000173,0.056,0.842,105.009,130299,4,25
601,0.515,0.438,1,-9.826,0,0.171,0.318,5.17e-06,0.089,0.688,98.994,224030,4,33
602,0.325,0.19,0,-14.988,1,0.0395,0.956,0.585,0.0932,0.14,118.507,367867,4,45
603,0.371,0.131,7,-23.899,0,0.0422,0.898,0.925,0.0847,0.0656,106.872,442693,4,49
604,0.484,0.97,5,-3.984,0,0.0605,0.00153,0.0124,0.765,0.646,153.055,226078,4,35
605,0.251,0.966,10,-1.803,0,0.236,0.000355,0.00326,0.577,0.278,195.038,255000,4,59
606,0.0874,0.844,8,-9.618,0,0.102,1.89e-05,0.03,0.356,0.18,78.998,294667,4,32
607,0.502,0.758,3,-9.76,1,0.0407,0.00915,0.783,0.284,0.729,112.499,213693,4,65
608,0.388,0.8,9,-6.33,1,0.0783,0.0211,0.0,0.212,0.357,194.744,216027,3,55
609,0.72,0.967,9,-4.434,0,0.0343,0.0289,0.000345,0.142,0.977,129.766,235093,4,65
610,0.407,0.424,0,-10.583,1,0.0318,0.0847,0.0,0.234,0.404,113.311,349187,3,65
611,0.3,0.932,7,-7.188,1,0.0678,0.000126,0.00481,0.273,0.276,104.922,283339,3,46
612,0.373,0.961,2,-3.16,1,0.0996,3.49e-05,1.46e-05,0.271,0.543,168.131,203573,4,57
613,0.476,0.731,0,-7.658,1,0.148,0.484,0.000392,0.129,0.613,126.8,142613,4,33
614,0.495,0.94,0,-5.785,0,0.0603,0.0124,2.15e-05,0.237,0.362,129.995,378549,4,33
615,0.399,0.955,4,-5.593,0,0.163,0.00838,0.0,0.0759,0.152,95.498,266733,4,58
616,0.31,0.403,0,-13.664,1,0.0326,0.0726,9.27e-05,0.139,0.466,134.48,318027,4,71
617,0.65,0.628,2,-6.879,1,0.0645,0.534,0.0,0.28,0.554,79.069,174684,4,53
618,0.222,0.971,7,-4.248,1,0.245,5.1e-05,0.209,0.0931,0.0825,88.531,220280,4,42
619,0.465,0.483,7,-13.882,0,0.0343,0.828,0.771,0.248,0.804,146.014,110493,4,41
620,0.644,0.744,11,-5.2,1,0.0364,0.0828,0.0,0.304,0.583,93.014,188091,4,30
621,0.597,0.931,11,-4.591,0,0.0984,0.127,0.0,0.0504,0.534,92.003,235200,4,65
622,0.411,0.0155,5,-28.791,0,0.0406,0.995,0.88,0.0813,0.0379,97.841,198493,3,51
623,0.43,0.868,0,-4.44,1,0.0639,0.000119,0.000389,0.0836,0.164,138.807,189853,3,55
624,0.482,0.319,2,-8.766,1,0.0256,0.49,0.000392,0.157,0.119,75.826,191976,4,35
625,0.515,0.992,7,-6.32,1,0.08,0.0011,6.86e-06,0.382,0.112,122.017,236000,4,65
626,0.477,0.996,1,-3.206,1,0.124,0.0112,0.0,0.335,0.203,132.677,191496,4,37
627,0.345,0.811,1,-11.948,0,0.0654,0.0606,0.0466,0.357,0.625,142.834,183824,4,43
628,0.736,0.811,9,-4.17,0,0.081,0.00132,0.000142,0.107,0.609,103.502,216733,4,72
629,0.327,0.873,9,-6.876,0,0.0902,0.00718,0.000488,0.663,0.219,109.058,216293,4,51
630,0.497,0.425,8,-9.121,1,0.122,0.351,0.221,0.155,0.432,99.847,174545,4,32
631,0.334,0.923,4,-3.143,0,0.0901,0.0163,0.0,0.274,0.25,179.977,346053,3,40
632,0.524,0.939,9,-3.994,1,0.113,0.00022,0.0,0.623,0.661,150.184,184867,4,74
633,0.397,0.958,11,-3.846,0,0.0437,0.0043,0.0,0.273,0.425,87.096,210547,4,46
634,0.0655,0.0235,6,-27.544,0,0.0425,0.969,0.882,0.14,0.0388,66.384,410440,4,44
635,0.443,0.781,1,-4.277,1,0.0377,1.33e-05,0.205,0.166,0.372,71.841,214760,4,75
636,0.657,0.746,7,-6.305,1,0.107,0.293,0.0,0.192,0.794,114.936,137739,4,36
637,0.618,0.938,9,-3.442,1,0.0456,0.0179,0.0,0.167,0.875,91.455,269000,4,81
638,0.47,0.833,9,-4.304,1,0.0574,0.427,0.0,0.1,0.368,149.969,233213,4,38
639,0.539,0.44,2,-6.96,1,0.0402,0.647,0.0,0.107,0.478,183.83,257473,4,51
640,0.356,0.96,4,-3.487,1,0.104,0.0142,0.0,0.209,0.0857,125.921,204733,4,74
641,0.785,0.892,9,-4.71,1,0.0356,0.0711,0.00051,0.113,0.974,120.115,179160,4,63
642,0.584,0.539,11,-8.1,1,0.0611,0.432,2.82e-05,0.108,0.514,85.782,248907,4,56
643,0.595,0.591,3,-7.147,1,0.0528,0.256,0.0,0.349,0.688,193.918,172113,4,40
644,0.451,0.893,7,-2.721,1,0.0627,0.0243,0.0,0.0813,0.0971,139.763,238173,4,54
645,0.239,0.987,1,-4.496,0,0.189,0.000443,0.0,0.465,0.255,154.203,257400,4,40
646,0.556,0.864,3,-5.87,0,0.0584,0.00958,0.0,0.209,0.4,105.143,216880,4,84
647,0.575,0.667,8,-5.209,1,0.0324,0.31,0.0,0.0917,0.406,139.908,224160,4,50
648,0.292,0.985,10,-3.763,0,0.201,0.000223,1.2e-06,0.348,0.175,124.186,237400,4,41
649,0.18,0.221,10,-11.331,1,0.0468,0.947,0.709,0.105,0.227,81.641,242003,4,50
650,0.368,0.951,11,-5.973,0,0.105,8.26e-05,3.66e-05,0.203,0.0796,184.031,277187,4,49
651,0.395,0.245,9,-17.024,0,0.0415,0.964,0.84,0.0974,0.311,87.08,370013,4,38
652,0.352,0.549,1,-6.893,0,0.0327,0.118,9.31e-06,0.112,0.247,83.948,239520,3,53
653,0.572,0.688,9,-4.96,1,0.0608,0.0474,0.0,0.072,0.856,138.841,125320,4,51
654,0.446,0.964,10,-5.47,0,0.169,0.000906,0.0,0.131,0.308,164.009,210987,4,48
655,0.67,0.354,7,-12.587,1,0.0326,0.698,0.000166,0.109,0.33,127.136,249771,4,48
656,0.26,0.923,7,-5.023,1,0.157,0.00108,0.0,0.763,0.387,170.605,242133,4,56
657,0.797,0.39,2,-6.594,1,0.0303,0.726,0.0,0.144,0.536,97.944,188666,4,60
658,0.477,0.237,4,-10.256,0,0.0438,0.829,0.0,0.107,0.362,74.207,248768,4,50
659,0.298,0.96,11,-5.474,0,0.0859,7.44e-05,0.0718,0.164,0.105,110.473,249613,3,49
660,0.351,0.503,5,-7.315,1,0.0322,0.752,0.0,0.0951,0.127,113.873,251538,5,51
661,0.531,0.478,8,-6.853,0,0.0528,0.753,0.0,0.103,0.408,143.81,205683,4,48
662,0.392,0.0152,6,-30.684,0,0.0424,0.996,0.885,0.081,0.12,74.963,359464,4,54
663,0.386,0.949,8,-3.701,0,0.0486,0.000105,0.0,0.132,0.55,105.219,247427,4,47
664,0.371,0.501,7,-8.945,1,0.034,0.872,0.89,0.113,0.111,154.55,654002,4,9
665,0.263,0.922,0,-3.119,1,0.0569,4.11e-05,0.000583,0.372,0.281,93.039,346213,4,46
666,0.525,0.902,2,-8.662,1,0.0368,0.000989,0.691,0.137,0.907,146.83,204621,4,55
667,0.513,0.546,4,-6.804,0,0.042,0.132,1.61e-06,0.158,0.226,74.879,199086,4,49
668,0.559,0.764,2,-7.058,0,0.0348,0.00441,0.0299,0.0807,0.932,143.319,213693,4,69
669,0.669,0.656,9,-10.549,1,0.0413,0.00113,0.000252,0.0989,0.464,108.098,259866,4,49
670,0.544,0.888,2,-8.452,0,0.0355,0.000111,4.71e-06,0.215,0.599,126.001,235520,4,47
671,0.465,0.841,11,-5.767,0,0.0633,0.00486,0.0,0.109,0.689,168.743,157533,4,66
672,0.593,0.804,7,-5.497,1,0.0319,0.105,2.22e-06,0.047,0.962,148.959,138360,4,59
673,0.64,0.85,2,-4.835,1,0.0585,0.00495,0.0,0.208,0.656,130.98,237032,4,39
674,0.744,0.376,4,-14.996,0,0.0366,0.0815,0.0,0.108,0.42,100.78,262173,4,66
675,0.666,0.936,7,-9.919,1,0.0476,0.00244,0.086,0.153,0.776,91.577,282907,4,73
676,0.462,0.84,2,-6.666,1,0.0346,4.98e-05,6.47e-05,0.0893,0.804,75.54,246440,4,55
677,0.415,0.782,2,-6.745,1,0.0461,0.0011,0.0,0.14,0.564,135.029,148480,4,46
678,0.633,0.62,0,-11.271,1,0.0648,0.34,0.605,0.0977,0.421,81.117,354933,4,55
679,0.833,0.809,0,-5.048,1,0.0686,0.313,7.74e-05,0.105,0.55,119.881,300000,4,28
680,0.762,0.722,2,-8.712,1,0.0428,0.0922,0.000368,0.132,0.966,122.769,194667,4,65
681,0.417,0.934,7,-3.908,0,0.119,0.000278,0.0015,0.132,0.287,127.066,210240,4,82
682,0.702,0.588,0,-9.739,1,0.0321,0.0805,0.0193,0.184,0.728,121.738,301827,4,52
683,0.792,0.747,0,-15.366,1,0.149,0.202,0.00429,0.221,0.968,144.15,219827,4,54
684,0.456,0.364,8,-12.825,1,0.0342,0.339,0.159,0.213,0.483,109.729,370613,4,11
685,0.521,0.579,0,-7.048,1,0.0418,0.0899,0.0,0.0737,0.24,138.212,170870,4,35
686,0.475,0.854,1,-9.838,0,0.056,3.1e-05,0.53,0.0736,0.27,150.001,197000,4,33
687,0.693,0.871,0,-3.389,1,0.0844,0.00358,2.01e-05,0.11,0.533,111.989,204853,4,58
688,0.536,0.943,7,-3.868,1,0.05,0.00905,0.0,0.0193,0.963,105.06,228000,4,42
689,0.656,0.229,8,-7.42,1,0.0324,0.817,0.0,0.103,0.311,123.804,224189,4,48
690,0.689,0.826,8,-8.429,1,0.0543,0.0299,0.000171,0.0716,0.452,93.146,304333,4,35
691,0.324,0.967,6,-5.655,1,0.0774,0.0278,0.000269,0.0566,0.392,165.92,244320,4,44
692,0.319,0.973,10,-3.194,1,0.175,0.00116,2.18e-05,0.509,0.293,186.99,237840,4,50
693,0.498,0.889,0,-5.413,1,0.0546,0.0947,1.62e-06,0.733,0.696,134.88,283360,4,73
694,0.191,0.941,7,-3.023,1,0.0919,2.49e-05,0.0703,0.49,0.171,130.112,275808,4,37
695,0.497,0.914,6,-6.532,1,0.0601,0.00178,0.00105,0.258,0.16,133.738,254693,4,56
696,0.493,0.532,0,-10.561,1,0.239,0.306,0.0,0.347,0.561,83.668,190107,4,43
697,0.258,0.735,1,-4.788,1,0.0459,2.03e-05,0.0,0.112,0.132,150.049,269027,4,51
698,0.698,0.369,7,-5.946,0,0.0406,0.82,0.0,0.0894,0.596,128.027,223200,4,47
699,0.62,0.781,9,-5.938,1,0.0379,0.181,0.0,0.187,0.864,144.707,167253,4,47
700,0.86,0.57,0,-8.977,1,0.179,0.254,0.0364,0.116,0.378,117.974,168814,4,32
701,0.334,0.924,8,-3.805,0,0.276,0.00444,0.0,0.136,0.359,170.159,228987,4,48
702,0.412,0.417,11,-5.401,0,0.0347,0.531,0.0,0.0911,0.563,85.404,189067,4,55
703,0.353,0.075,10,-25.635,0,0.0379,0.995,0.886,0.117,0.317,120.308,169750,3,44
704,0.355,0.338,5,-6.779,1,0.033,0.725,4.76e-06,0.149,0.405,94.942,251947,4,32
705,0.34,0.983,6,-3.152,0,0.222,0.000816,3.49e-06,0.667,0.0921,159.996,254000,3,37
706,0.56,0.903,11,-4.77,1,0.0754,0.00132,0.0,0.291,0.581,143.821,177960,4,68
707,0.699,0.865,5,-5.254,0,0.0424,0.0745,0.0525,0.14,0.664,103.978,230769,4,8
708,0.34,0.804,0,-8.355,1,0.0516,0.00331,0.0191,0.0727,0.854,131.5,259600,4,59
709,0.693,0.394,0,-15.882,1,0.0428,0.0782,0.000694,0.247,0.721,104.114,238747,4,76
710,0.527,0.871,4,-8.708,1,0.0354,0.0229,0.155,0.419,0.107,120.722,188560,4,59
711,0.584,0.976,1,-3.868,1,0.156,0.00432,0.0408,0.333,0.535,140.304,201933,4,58
712,0.376,0.992,9,-4.426,1,0.147,0.000618,0.000151,0.229,0.189,184.971,247640,4,50
713,0.653,0.964,9,-4.261,0,0.0582,0.00316,0.00512,0.144,0.87,126.928,209267,4,75
714,0.378,0.787,10,-7.118,0,0.04,0.0113,0.0248,0.217,0.297,90.044,276705,4,39
715,0.226,0.95,8,-4.176,1,0.157,1.72e-05,0.818,0.423,0.204,119.983,221446,4,39
716,0.659,0.57,2,-12.29,1,0.0321,0.557,1.42e-06,0.2,0.962,132.729,127160,4,0
717,0.17,0.89,4,-3.581,0,0.0521,0.0166,0.000102,0.107,0.233,178.464,201987,4,48
718,0.342,0.0179,1,-24.846,1,0.0387,0.982,0.906,0.0831,0.0382,61.757,334053,4,50
719,0.676,0.252,7,-10.547,1,0.0308,0.816,0.56,0.0816,0.124,111.922,208000,4,11
720,0.438,0.805,8,-6.237,1,0.0624,0.00255,5.69e-05,0.0842,0.564,113.253,240800,4,76
721,0.604,0.37,4,-18.45,1,0.0362,0.836,0.346,0.0954,0.666,90.339,290733,3,60
722,0.55,0.145,0,-15.753,1,0.0332,0.913,0.0,0.118,0.138,103.918,159000,4,62
723,0.523,0.803,4,-5.189,0,0.045,0.579,0.0,0.0948,0.898,132.316,145293,4,65
724,0.291,0.0596,4,-23.659,0,0.0386,0.973,0.712,0.104,0.0835,102.381,226160,4,35
725,0.586,0.43,5,-12.754,1,0.0671,0.168,0.0114,0.116,0.942,60.939,164702,5,26
726,0.575,0.318,0,-16.729,1,0.109,0.683,0.000202,0.0934,0.385,104.522,254173,4,72
727,0.351,0.883,0,-6.952,1,0.0562,0.0363,0.0,0.499,0.88,195.666,175400,4,42
728,0.565,0.484,1,-8.735,1,0.316,0.641,7.57e-06,0.21,0.342,100.231,150178,4,23
729,0.133,0.927,7,-5.371,1,0.0741,0.00344,0.00044,0.0915,0.5,197.708,224867,4,56
730,0.334,0.00732,4,-30.908,0,0.0355,0.991,0.952,0.0968,0.0964,60.171,241987,4,58
731,0.141,0.973,6,-4.343,1,0.25,4.36e-05,0.0145,0.165,0.0728,180.01,290844,3,39
732,0.45,0.978,9,-4.198,0,0.0637,0.000124,7.14e-06,0.361,0.268,155.014,262573,4,55
733,0.566,0.835,8,-6.87,0,0.0742,0.0356,0.0,0.241,0.606,170.066,244480,4,65
734,0.663,0.923,0,-7.091,1,0.04,0.0272,0.00153,0.224,0.924,115.736,259027,4,39
735,0.435,0.931,2,-7.065,1,0.0542,3.69e-06,0.0526,0.378,0.292,100.068,282973,4,34
736,0.334,0.898,11,-6.821,0,0.196,0.00406,0.0202,0.162,0.226,110.364,153600,4,64
737,0.203,0.164,0,-19.205,0,0.045,0.94,0.891,0.0792,0.226,108.708,183267,3,46
738,0.485,0.911,7,-4.833,1,0.0429,0.0315,0.000158,0.323,0.724,113.075,181787,4,35
739,0.826,0.603,1,-7.659,0,0.0737,0.0474,0.0,0.0831,0.681,107.494,160290,4,67
740,0.48,0.926,4,-6.839,1,0.0645,0.000864,7.69e-05,0.207,0.169,119.942,253919,3,31
741,0.573,0.929,11,-5.996,1,0.082,0.00218,0.0723,0.718,0.284,97.57,289560,4,69
742,0.257,0.124,2,-21.561,1,0.0476,0.952,0.218,0.123,0.125,104.077,322000,4,40
743,0.55,0.765,7,-8.684,1,0.0287,4.76e-06,0.873,0.132,0.419,139.46,252533,4,71
744,0.362,0.532,2,-7.024,1,0.0344,0.0756,0.0,0.102,0.117,71.784,229389,4,29
745,0.435,0.992,2,-2.79,1,0.107,0.000129,0.935,0.395,0.133,140.031,340280,4,38
746,0.663,0.96,1,-4.927,1,0.108,0.0344,0.445,0.371,0.408,130.404,284627,4,40
747,0.31,0.94,6,-3.395,1,0.106,0.000106,2.21e-06,0.205,0.454,128.682,191373,5,64
748,0.37,0.0076,4,-33.663,1,0.0384,0.995,0.91,0.0864,0.278,62.668,176518,4,64
749,0.193,0.22,3,-12.383,1,0.0411,0.94,0.483,0.142,0.171,161.637,222467,3,46
750,0.234,0.832,10,-6.622,1,0.0476,0.00275,0.166,0.321,0.831,159.043,121720,4,0
751,0.556,0.808,0,-6.965,1,0.0335,0.166,0.000167,0.164,0.844,115.287,266827,4,52
752,0.319,0.852,0,-7.295,1,0.0716,0.00268,0.662,0.331,0.297,79.554,247253,4,58
753,0.489,0.988,0,-2.685,0,0.16,1.74e-05,0.0336,0.332,0.302,112.518,199187,4,37
754,0.413,0.873,8,-4.151,1,0.0536,0.000264,0.00249,0.204,0.48,116.68,218933,3,80
755,0.731,0.738,9,-8.125,0,0.0377,0.184,0.0,0.214,0.958,117.656,236920,4,76
756,0.691,0.69,1,-4.856,0,0.0567,0.634,3.91e-05,0.114,0.818,89.941,161333,4,26
757,0.495,0.746,10,-5.317,1,0.0266,0.49,0.0,0.176,0.463,145.879,210427,4,62
758,0.75,0.326,4,-7.383,1,0.0292,0.739,0.0,0.169,0.746,90.053,184067,4,42
759,0.407,0.858,9,-3.973,0,0.11,0.0476,0.0,0.206,0.293,141.882,260960,4,49
760,0.218,0.987,7,-2.225,1,0.219,9.9e-05,0.000406,0.617,0.0553,129.806,210613,4,50
761,0.348,0.987,2,-3.172,0,0.232,1.62e-05,0.0365,0.286,0.135,159.995,211893,4,57
762,0.522,0.88,5,-4.104,0,0.0633,9.38e-05,0.00111,0.0812,0.701,174.762,219267,4,60
763,0.657,0.214,8,-9.498,1,0.0465,0.888,1.14e-05,0.121,0.251,134.041,223077,4,39
764,0.529,0.955,4,-4.26,0,0.087,0.000169,0.00618,0.262,0.301,107.999,280750,4,34
765,0.301,0.959,10,-3.463,0,0.111,2.54e-05,0.000624,0.167,0.251,139.928,171739,4,38
766,0.395,0.892,11,-8.07,1,0.0537,0.0797,0.0,0.706,0.67,148.43,184120,4,44
767,0.892,0.747,10,-4.603,0,0.0708,0.131,0.0,0.122,0.707,111.975,195446,4,49
768,0.236,0.846,2,-4.534,1,0.0482,0.00011,0.000334,0.0985,0.372,168.702,222040,4,48
769,0.6,0.95,8,-4.009,1,0.0999,0.00156,0.0,0.285,0.364,128.187,179959,4,41
770,0.168,0.0613,4,-24.987,0,0.0481,0.974,0.246,0.0836,0.0399,102.674,290040,4,41
771,0.511,0.302,2,-18.007,1,0.0293,0.327,0.00164,0.155,0.236,149.994,270946,3,13
772,0.299,0.357,1,-13.535,0,0.0325,0.774,0.91,0.143,0.0391,92.314,177773,4,39
773,0.808,0.587,9,-10.904,1,0.0516,0.0238,0.148,0.0798,0.931,113.531,210533,4,35
774,0.423,0.933,4,-5.606,0,0.157,0.000327,0.000855,0.192,0.0812,150.049,216400,4,43
775,0.592,0.865,11,-6.432,0,0.0352,0.00267,0.0,0.13,0.507,117.977,323990,4,37
776,0.461,0.347,7,-6.639,1,0.0276,0.842,0.0,0.107,0.144,109.942,227692,3,49
777,0.459,0.885,10,-4.685,0,0.389,0.165,0.0,0.309,0.748,97.81,180000,4,28
778,0.59,0.798,1,-4.75,1,0.0349,0.261,0.0,0.112,0.272,96.02,230109,4,47
779,0.439,0.795,2,-9.424,1,0.0314,0.00407,0.00114,0.296,0.789,84.846,212067,4,39
780,0.411,0.965,8,-4.556,1,0.21,0.000317,0.00211,0.268,0.125,150.071,206000,4,46
781,0.235,0.965,2,-2.882,0,0.28,0.00887,0.0,0.0448,0.322,185.278,231840,4,68
782,0.103,0.0725,2,-23.629,1,0.0375,0.96,0.694,0.378,0.0747,77.356,227973,4,49
783,0.265,0.983,11,-4.189,1,0.241,1.48e-05,0.0598,0.423,0.139,130.055,219692,4,44
784,0.308,0.873,8,-4.542,1,0.0533,0.00022,0.000729,0.0974,0.686,143.519,206587,4,71
785,0.576,0.355,1,-8.388,1,0.033,0.439,4.55e-05,0.13,0.299,137.232,198733,4,57
786,0.428,0.923,2,-4.454,0,0.123,0.0108,0.436,0.0985,0.681,151.005,146738,4,55
787,0.38,0.924,7,-5.782,0,0.0719,0.000173,2.33e-06,0.176,0.28,153.99,200800,4,48
788,0.468,0.769,4,-7.036,1,0.041,0.00014,0.00124,0.271,0.17,104.102,270920,4,72
789,0.612,0.278,0,-12.153,0,0.0329,0.446,0.86,0.0799,0.109,108.485,289648,4,49
790,0.609,0.935,6,-2.941,1,0.0479,0.0029,0.000359,0.188,0.498,95.957,252400,4,68
791,0.515,0.57,5,-8.803,1,0.0303,0.751,0.0,0.0979,0.394,83.929,211191,4,34
792,0.672,0.706,9,-5.551,1,0.0779,0.0578,7.43e-05,0.0595,0.658,124.782,197933,4,40
793,0.38,0.829,5,-6.105,1,0.0405,8.4e-05,0.00208,0.342,0.0534,125.887,179547,4,56
794,0.412,0.847,2,-6.46,0,0.0644,3.19e-05,0.000205,0.072,0.371,159.89,263853,4,44
795,0.335,0.178,3,-10.202,1,0.0336,0.649,5.06e-05,0.0982,0.126,140.801,212333,4,40
796,0.321,0.47,2,-10.381,0,0.0323,0.772,0.933,0.105,0.641,159.805,199125,4,43
797,0.708,0.683,4,-7.768,0,0.0344,0.00122,0.643,0.121,0.463,123.602,220533,4,59
798,0.56,0.965,11,-2.341,1,0.0409,0.121,6.23e-06,0.169,0.964,162.825,149787,4,68
799,0.52,0.875,9,-8.075,1,0.151,0.0215,0.03,0.0709,0.887,169.214,233067,4,58
800,0.64,0.651,4,-14.981,0,0.0517,0.142,0.28,0.0341,0.801,111.676,271573,4,69
801,0.68,0.391,11,-6.906,1,0.0357,0.723,0.0,0.107,0.419,82.861,198750,4,47
802,0.428,0.899,9,-10.716,1,0.0462,0.00609,0.0,0.279,0.724,135.248,221347,4,52
803,0.388,0.979,4,-3.292,0,0.157,4.02e-05,0.0,0.0752,0.0567,140.037,181097,4,41
804,0.322,0.184,0,-18.312,0,0.0338,0.984,0.902,0.0813,0.356,107.847,193600,4,58
805,0.379,0.505,10,-4.979,1,0.0302,0.209,0.0,0.117,0.458,152.764,226083,4,59
806,0.431,0.906,9,-6.13,1,0.0945,0.0001,0.0001,0.123,0.53,125.459,223893,4,65
807,0.471,0.897,5,-5.491,0,0.106,0.000215,0.0,0.162,0.597,149.959,205827,4,48
808,0.578,0.431,2,-7.034,1,0.0269,0.469,0.0,0.137,0.21,116.979,226975,3,76
809,0.491,0.532,8,-7.459,1,0.0267,0.139,6.36e-05,0.143,0.281,81.904,194611,4,36
810,0.564,0.932,11,-10.068,1,0.0554,0.013,0.169,0.349,0.619,112.937,146250,4,77
811,0.279,0.0292,8,-26.804,1,0.0406,0.987,0.902,0.104,0.0338,136.732,293147,3,59
812,0.523,0.769,4,-5.855,1,0.0269,0.04,0.0,0.136,0.876,136.162,244587,4,78
813,0.556,0.559,0,-7.843,1,0.0284,0.123,0.0,0.0797,0.174,78.022,210698,4,33
814,0.342,0.968,0,-4.058,1,0.0927,0.000801,0.00566,0.312,0.239,91.578,284173,4,50
815,0.325,0.688,4,-12.473,1,0.117,0.179,0.000104,0.137,0.378,156.349,180093,4,47
816,0.618,0.748,0,-8.905,1,0.358,0.0384,4.1e-06,0.0473,0.663,134.114,191947,4,77
817,0.382,0.0499,2,-25.262,1,0.0548,0.994,0.906,0.109,0.0779,125.903,316653,4,59
818,0.587,0.994,2,-5.61,1,0.045,0.155,0.0734,0.0319,0.481,151.941,153133,4,64
819,0.401,0.907,5,-4.956,1,0.102,4.1e-05,0.000468,0.151,0.415,162.542,264547,4,51
820,0.78,0.64,0,-8.566,0,0.0908,0.493,0.00137,0.171,0.635,108.017,171333,4,25
821,0.561,0.563,10,-8.47,1,0.0295,0.369,1.11e-06,0.243,0.455,75.966,212279,4,38
822,0.546,0.827,4,-6.582,0,0.0459,0.0303,0.0,0.0682,0.607,94.74,183307,4,30
823,0.433,0.328,7,-17.642,0,0.0298,0.925,0.861,0.108,0.285,103.185,345973,3,9
824,0.306,0.989,8,-4.577,1,0.238,0.00218,0.0,0.444,0.131,128.871,193393,4,42
825,0.308,0.5,7,-10.151,0,0.0401,0.437,0.0702,0.102,0.0721,130.038,271486,4,36
826,0.701,0.553,3,-3.393,1,0.0287,0.528,0.0,0.147,0.515,94.023,187733,4,56
827,0.465,0.993,0,-1.734,1,0.0903,0.000354,0.0335,0.464,0.204,92.472,215000,4,61
828,0.397,0.975,2,-3.532,0,0.365,0.00152,0.0,0.118,0.451,192.021,250240,4,69
829,0.465,0.731,2,-10.592,1,0.0724,0.448,0.00112,0.297,0.638,129.684,184600,4,53
830,0.314,0.797,0,-9.026,1,0.038,0.0057,5.59e-05,0.0718,0.569,145.393,351627,4,70
831,0.404,0.106,3,-13.892,1,0.0348,0.965,0.799,0.162,0.108,70.472,250880,3,16
832,0.551,0.939,11,-5.371,1,0.171,0.00172,0.000239,0.109,0.367,90.592,265840,4,66
833,0.849,0.419,4,-6.14,0,0.186,0.0808,0.245,0.0845,0.197,97.018,163370,4,25
834,0.0615,0.193,5,-14.944,0,0.038,0.847,0.925,0.101,0.0419,48.828,207107,3,37
835,0.737,0.753,7,-4.475,1,0.122,0.151,0.000123,0.0721,0.964,115.135,151307,4,38
836,0.393,0.964,3,-8.838,1,0.144,0.000735,0.0196,0.34,0.352,151.898,239280,4,57
837,0.544,0.341,0,-10.34,1,0.0293,0.877,0.0493,0.183,0.566,123.598,174187,3,31
838,0.604,0.948,7,-3.093,1,0.0595,0.000816,0.00714,0.0446,0.861,115.132,216733,4,59
839,0.428,0.843,9,-7.655,1,0.0747,0.058,0.0334,0.115,0.885,143.758,158800,4,43
840,0.721,0.521,2,-8.123,1,0.0613,0.0708,0.00545,0.127,0.942,123.118,261413,4,76
841,0.178,0.982,7,-6.99,0,0.0994,0.000104,0.867,0.0772,0.125,139.875,346239,4,31
842,0.64,0.663,0,-7.516,1,0.0374,0.201,0.00806,0.152,0.663,132.77,140773,4,81
843,0.662,0.73,4,-9.309,0,0.034,0.393,0.0034,0.0895,0.6,117.999,272542,4,11
844,0.669,0.733,5,-10.495,1,0.0494,0.0205,0.000224,0.042,0.833,153.778,171093,4,45
845,0.703,0.918,11,-3.476,0,0.0743,0.00856,0.176,0.117,0.455,98.388,285307,4,41
846,0.921,0.529,2,-11.974,1,0.0851,0.0845,0.000779,0.0478,0.724,102.941,334360,4,58
847,0.255,0.871,1,-4.355,0,0.0712,9.49e-06,0.898,0.16,0.3,102.082,261253,3,44
848,0.332,0.603,11,-7.133,1,0.0366,0.259,0.0,0.174,0.284,88.236,237933,4,38
849,0.436,0.917,1,-5.125,0,0.152,8.7e-05,0.00159,0.313,0.357,132.282,194209,4,47
850,0.591,0.97,5,-4.107,0,0.114,0.00886,0.0,0.174,0.461,148.062,162920,4,46
851,0.376,0.988,5,-2.375,1,0.216,8.82e-05,6.36e-05,0.346,0.507,192.153,193813,4,61
852,0.497,0.941,5,-4.729,0,0.0646,5.34e-06,0.00138,0.329,0.354,96.022,266000,4,31
853,0.756,0.667,5,-6.932,0,0.043,0.307,0.000142,0.0625,0.487,110.029,185960,4,28
854,0.295,0.584,9,-6.696,0,0.0345,0.000385,0.218,0.0996,0.228,117.2,271280,3,71
855,0.767,0.307,3,-7.294,1,0.032,0.854,0.0,0.125,0.763,95.04,188196,4,50
856,0.404,0.0545,5,-19.837,1,0.0532,0.836,0.486,0.102,0.294,70.468,248347,4,40
857,0.484,0.987,7,-4.621,1,0.182,0.000212,0.0,0.338,0.195,125.032,235267,4,40
858,0.658,0.612,6,-5.132,1,0.0337,0.821,0.0,0.101,0.248,108.08,208053,4,43
859,0.417,0.976,2,-4.696,0,0.0665,0.000351,0.000117,0.074,0.463,186.081,255840,4,58
860,0.769,0.545,1,-8.812,0,0.236,0.0234,0.000111,0.228,0.107,119.911,179500,4,33
861,0.651,0.762,9,-6.084,1,0.0284,0.121,0.0,0.167,0.292,109.959,172067,4,40
862,0.16,0.0922,1,-21.167,1,0.0494,0.947,0.921,0.1,0.0499,62.858,181706,4,36
863,0.342,0.751,0,-8.71,0,0.0696,0.278,0.0,0.121,0.481,143.892,160613,4,38
864,0.587,0.523,11,-6.2,1,0.0272,0.497,0.0055,0.102,0.182,137.94,249613,4,64
865,0.442,0.793,11,-5.378,0,0.0354,0.0557,0.0,0.0934,0.547,123.67,202867,4,54
866,0.627,0.802,0,-8.432,1,0.0348,0.197,0.784,0.404,0.867,126.283,232400,4,70
867,0.469,0.408,0,-7.639,1,0.0308,0.403,0.0,0.0838,0.069,139.716,217714,4,45
868,0.725,0.859,7,-6.208,1,0.0636,0.0173,0.0137,0.048,0.53,131.697,212853,4,64
869,0.323,0.561,2,-6.109,1,0.0414,0.321,0.0,0.166,0.277,170.021,189593,3,54
870,0.347,0.965,8,-5.858,0,0.089,0.000165,4.02e-05,0.4,0.27,124.885,201798,4,48
871,0.511,0.942,0,-10.407,1,0.0429,0.174,1.87e-05,0.139,0.498,97.909,393667,4,71
872,0.375,0.985,8,-2.754,1,0.0936,0.000246,0.0,0.07,0.455,94.468,217453,4,52
873,0.551,0.105,7,-18.194,0,0.063,0.883,0.0854,0.126,0.151,116.392,341149,4,11
874,0.29,0.909,10,-4.449,0,0.0511,2.17e-05,0.0024,0.114,0.28,170.011,264947,4,50
875,0.562,0.545,9,-14.392,0,0.0487,0.764,0.65,0.347,0.342,132.495,211560,4,32
876,0.71,0.843,9,-5.154,1,0.0886,0.0293,0.000325,0.233,0.847,86.007,224380,4,39
877,0.541,0.764,11,-5.863,0,0.0658,0.118,0.00613,0.108,0.781,129.031,390340,4,40
878,0.497,0.434,0,-5.73,1,0.0296,0.333,3.11e-06,0.108,0.266,115.749,244267,3,60
879,0.489,0.913,5,-9.152,0,0.0479,0.00015,0.709,0.0703,0.539,135.756,171747,4,63
880,0.251,0.932,4,-4.167,0,0.159,0.0511,3.29e-05,0.642,0.229,165.253,260306,4,51
881,0.55,0.934,9,-5.076,1,0.0595,0.000113,0.000736,0.18,0.527,112.846,195707,4,61
882,0.38,0.908,2,-6.425,0,0.193,0.0295,0.0,0.101,0.0974,97.613,280867,4,57
883,0.301,0.0528,4,-20.482,0,0.0433,0.936,0.00102,0.213,0.194,173.668,221880,1,40
884,0.236,0.888,3,-3.563,0,0.139,3.1e-05,0.0457,0.11,0.107,130.132,343033,4,59
885,0.327,0.214,3,-10.382,1,0.0355,0.928,0.0,0.104,0.351,73.863,293933,4,51
886,0.338,0.794,0,-7.015,0,0.0432,0.0181,0.482,0.192,0.879,168.48,137145,4,32
887,0.526,0.587,2,-8.733,1,0.039,0.24,0.243,0.886,0.364,93.986,264200,4,60
888,0.699,0.486,4,-7.324,1,0.0419,0.598,0.0,0.114,0.608,98.013,192293,4,48
889,0.456,0.00284,5,-30.871,0,0.0728,0.996,0.937,0.0803,0.117,74.344,206079,4,41
890,0.463,0.96,8,-3.914,1,0.0676,1.04e-05,0.0908,0.0728,0.131,136.029,233667,4,38
891,0.645,0.809,11,-6.12,1,0.0385,0.00921,0.00108,0.106,0.966,138.978,196680,4,61
892,0.3,0.986,8,-3.022,1,0.107,0.000386,0.000136,0.0924,0.256,85.117,237360,4,61
893,0.617,0.553,7,-5.116,0,0.063,0.529,6.08e-05,0.454,0.67,104.742,193398,4,32
894,0.496,0.665,6,-5.607,0,0.0368,0.00541,0.0,0.197,0.47,92.357,222813,4,47
895,0.374,0.991,9,-1.101,1,0.0813,0.38,0.000719,0.0929,0.51,95.105,163293,4,59
896,0.369,0.972,5,-3.603,1,0.083,2.07e-05,9.42e-06,0.373,0.29,179.925,243529,4,34
897,0.651,0.908,2,-4.019,1,0.0577,0.00184,0.000579,0.384,0.769,123.851,274160,4,67
898,0.55,0.631,0,-11.493,1,0.0385,0.000898,0.18,0.0503,0.908,114.553,229027,4,44
899,0.446,0.95,9,-6.405,0,0.162,0.000375,4.28e-06,0.466,0.157,89.962,233653,4,45
900,0.634,0.63,1,-8.277,0,0.031,0.447,0.039,0.17,0.489,118.628,270773,4,76
901,0.565,0.587,4,-7.393,0,0.0317,0.0573,0.00493,0.0416,0.966,147.462,198467,4,65
902,0.687,0.944,11,-4.374,0,0.0656,0.00565,0.547,0.389,0.312,119.979,319467,4,38
903,0.594,0.933,4,-6.072,0,0.198,0.00017,0.359,0.264,0.159,108.041,207399,4,50
904,0.544,0.756,9,-4.365,0,0.033,0.0127,0.0,0.187,0.0902,125.278,272400,4,46
905,0.425,0.172,6,-15.265,1,0.0468,0.77,1.26e-06,0.12,0.196,79.878,262403,3,10
906,0.139,0.11,0,-16.155,0,0.0362,0.453,0.902,0.107,0.0377,174.865,300213,3,51
907,0.502,0.934,9,-3.899,1,0.0553,8.38e-06,0.164,0.0921,0.477,102.121,213000,4,59
908,0.588,0.708,6,-7.823,1,0.0351,0.445,3.94e-05,0.293,0.579,131.197,178376,4,50
909,0.421,0.956,1,-2.195,0,0.0725,0.0271,1.36e-05,0.134,0.529,168.991,187680,4,55
910,0.474,0.958,8,-3.845,0,0.0664,0.00069,0.163,0.379,0.292,150.128,224600,4,32
911,0.341,0.552,8,-10.503,1,0.0423,8.02e-05,0.616,0.0591,0.486,121.361,182493,4,61
912,0.552,0.663,7,-4.923,0,0.0361,0.0538,0.0,0.0998,0.35,80.047,154279,4,39
913,0.773,0.598,10,-5.937,1,0.0351,0.776,0.0,0.112,0.778,114.995,199304,4,14
914,0.469,0.501,1,-5.98,1,0.0298,0.321,0.0,0.117,0.471,150.197,231467,4,47
915,0.0797,0.0543,7,-17.539,1,0.0393,0.98,0.825,0.0951,0.0361,81.466,221669,4,35
916,0.848,0.453,2,-10.234,0,0.126,0.422,3.67e-05,0.333,0.54,94.991,166968,4,58
917,0.657,0.96,5,-3.524,0,0.07,0.00169,0.000997,0.109,0.567,126.02,186067,4,67
918,0.408,0.617,1,-6.491,1,0.0322,0.131,0.0,0.0912,0.179,177.226,210218,3,31
919,0.636,0.449,4,-9.732,1,0.0331,0.47,0.118,0.275,0.706,113.459,170640,4,33
920,0.641,0.703,9,-10.434,1,0.0518,0.397,0.00546,0.104,0.722,129.118,156800,4,64
921,0.287,0.0894,0,-20.391,1,0.036,0.838,0.971,0.159,0.0362,108.271,101253,4,40
922,0.36,0.565,7,-4.898,1,0.0608,0.358,0.0,0.0448,0.311,173.281,209157,4,68
923,0.138,0.189,2,-15.733,0,0.0394,0.896,0.279,0.113,0.0729,91.207,279547,4,49
924,0.408,0.265,11,-8.273,1,0.0293,0.911,0.0,0.112,0.355,142.319,229666,4,49
925,0.664,0.765,10,-9.454,0,0.0507,0.0493,0.333,0.113,0.907,73.676,219307,4,60
926,0.639,0.51,6,-6.921,1,0.0796,0.791,1.82e-06,0.0902,0.654,88.898,186667,4,52
927,0.429,0.96,10,-4.261,1,0.0914,6.46e-05,6.27e-06,0.102,0.233,153.932,175880,4,66
928,0.543,0.395,9,-11.396,1,0.0267,0.701,4.24e-05,0.0961,0.231,94.872,340560,3,58
929,0.525,0.481,8,-6.715,1,0.0251,0.302,0.0,0.121,0.237,75.974,289000,4,58
930,0.599,0.00379,5,-31.414,1,0.0644,0.986,0.924,0.101,0.326,131.623,215622,3,52
931,0.512,0.988,11,-3.62,1,0.137,5.56e-06,0.242,0.32,0.248,106.478,242535,3,41
932,0.491,0.686,11,-8.22,1,0.0289,0.0236,0.263,0.451,0.437,103.715,278827,4,62
933,0.212,0.0517,2,-24.467,1,0.0525,0.928,0.639,0.112,0.152,185.678,397640,3,50
934,0.294,0.871,9,-7.681,1,0.125,5.47e-05,0.0433,0.387,0.165,125.772,412161,4,44
935,0.375,0.966,4,-5.096,0,0.15,5.56e-05,0.0479,0.159,0.162,118.144,238319,4,37
936,0.42,0.986,11,-2.488,0,0.133,4.36e-05,0.453,0.0609,0.0769,105.157,315179,3,41
937,0.511,0.979,9,-2.796,1,0.0679,0.000108,0.000403,0.125,0.464,108.948,210360,4,46
938,0.31,0.907,4,-5.333,0,0.0626,7.65e-06,1.29e-05,0.161,0.224,174.909,265373,4,36
939,0.292,0.637,8,-9.127,0,0.0383,0.122,0.00222,0.0627,0.184,73.96,364029,4,37
940,0.654,0.976,11,-5.632,0,0.0594,0.0105,8.02e-06,0.124,0.78,93.894,222360,4,42
941,0.447,0.449,2,-10.634,1,0.0376,0.934,0.961,0.0697,0.036,92.468,315427,4,77
942,0.37,0.858,11,-4.885,0,0.0545,0.00815,2.12e-05,0.229,0.464,175.077,214947,4,72
943,0.42,0.314,6,-7.368,1,0.0324,0.798,2.2e-05,0.113,0.192,128.412,248836,4,54
944,0.71,0.743,1,-10.553,1,0.0507,0.273,0.000406,0.258,0.866,120.277,266160,4,63
945,0.365,0.941,4,-6.59,1,0.171,0.00022,0.00856,0.571,0.231,116.868,210465,4,43
946,0.196,0.751,9,-7.39,1,0.0405,0.00252,0.667,0.378,0.629,145.719,195093,4,43
947,0.386,0.941,6,-2.168,1,0.0515,0.00055,0.0,0.14,0.483,90.913,273653,4,49
948,0.615,0.919,4,-4.318,0,0.0798,0.00218,0.000607,0.113,0.542,130.919,202467,4,57
949,0.363,0.231,3,-14.536,1,0.0811,0.99,0.957,0.141,0.323,69.095,144149,5,11
950,0.306,0.995,2,-3.203,1,0.1,2.98e-05,0.00859,0.254,0.135,127.908,247693,4,53
951,0.557,0.859,9,-8.842,1,0.0662,0.159,0.0,0.117,0.678,128.641,171827,4,50
952,0.513,0.45,7,-6.471,1,0.0316,0.593,0.0,0.161,0.166,127.635,282133,4,31
953,0.481,0.392,1,-11.381,1,0.0312,0.366,0.0452,0.124,0.52,124.572,269067,4,71
954,0.566,0.541,9,-7.25,1,0.0263,0.275,0.00041,0.204,0.2,139.907,206453,4,34
955,0.62,0.912,1,-4.011,1,0.221,0.0728,7.15e-05,0.249,0.291,106.236,336440,4,60
956,0.454,0.993,6,-2.521,1,0.205,0.00104,0.000315,0.36,0.149,130.032,200308,3,40
957,0.227,0.00482,8,-36.351,1,0.036,0.993,0.912,0.157,0.0731,70.684,216284,5,60
958,0.526,0.905,0,-8.81,1,0.0392,0.0106,0.0191,0.373,0.941,116.454,233093,4,49
959,0.416,0.197,0,-10.952,0,0.0314,0.962,0.678,0.0892,0.479,99.929,198411,4,42
960,0.374,0.739,7,-5.193,0,0.0477,5.8e-06,0.000141,0.109,0.359,148.078,257693,3,53
961,0.496,0.967,7,-8.599,1,0.0555,0.0746,0.0033,0.351,0.633,114.036,181133,4,38
962,0.435,0.774,2,-5.052,1,0.0631,0.014,0.0,0.127,0.448,147.466,228707,4,50
963,0.417,0.682,1,-5.071,1,0.0295,0.0267,0.000669,0.109,0.351,105.542,232412,4,73
964,0.291,0.974,6,-2.997,0,0.171,0.0177,5.44e-06,0.886,0.348,134.724,278600,4,76
965,0.611,0.846,11,-5.9,1,0.0436,0.00509,0.0,0.0784,0.751,103.912,162920,4,76
966,0.675,0.444,6,-11.795,1,0.0711,0.842,0.0,0.139,0.65,137.951,207240,4,35
967,0.667,0.721,7,-7.17,1,0.0329,0.00915,0.0137,0.105,0.567,110.094,265733,4,51
968,0.275,0.981,4,-4.187,1,0.308,3.24e-05,0.863,0.156,0.0746,155.867,202323,4,42
969,0.519,0.961,2,-3.214,0,0.0642,0.000207,0.000419,0.195,0.344,93.466,234467,4,64
970,0.417,0.968,7,-6.241,1,0.126,1.19e-05,0.353,0.0922,0.0396,139.944,234294,4,37
971,0.548,0.855,3,-3.266,1,0.151,0.0149,0.0,0.127,0.644,145.133,218787,4,71
972,0.118,0.00417,7,-35.567,1,0.043,0.979,0.875,0.0505,0.0381,95.401,429227,3,46
973,0.76,0.702,10,-9.404,0,0.0716,0.0104,0.0,0.38,0.659,92.324,179600,4,61
974,0.562,0.741,2,-4.753,1,0.0284,0.224,1.18e-05,0.113,0.32,121.035,226267,4,50
975,0.686,0.667,9,-10.263,1,0.0587,0.00752,0.00664,0.405,0.332,105.917,310200,4,52
976,0.38,0.453,10,-10.597,1,0.0331,0.96,0.848,0.114,0.57,111.644,412177,4,10
977,0.366,0.47,8,-5.51,1,0.0322,0.74,0.0,0.0896,0.368,179.609,229573,4,51
978,0.624,0.719,2,-9.87,1,0.0278,0.0307,0.0489,0.322,0.724,129.552,213933,4,57
979,0.545,0.982,6,-3.464,1,0.127,0.00187,0.0433,0.144,0.249,129.988,241767,4,43
980,0.322,0.992,1,-2.89,1,0.0937,3.64e-05,0.286,0.128,0.0389,160.033,233250,4,38
981,0.536,0.849,0,-4.702,1,0.0616,0.00318,0.00197,0.104,0.305,127.002,206547,4,67
982,0.657,0.437,0,-10.437,1,0.0976,0.00624,0.0262,0.156,0.355,174.698,222093,4,43
983,0.235,0.977,6,0.878,1,0.107,0.00353,0.00604,0.172,0.241,152.952,208133,4,52
984,0.546,0.77,0,-5.635,1,0.0311,0.04,0.0,0.326,0.829,75.005,188707,4,42
985,0.43,0.971,9,-3.845,1,0.0524,0.0271,2.16e-05,0.185,0.764,151.219,212000,4,68
986,0.513,0.655,0,-7.499,1,0.0428,0.0756,0.0323,0.246,0.736,108.712,260031,4,40
987,0.529,0.861,11,-10.581,1,0.0784,0.292,0.225,0.314,0.387,96.52,142507,4,50
988,0.542,0.45,7,-9.931,0,0.0361,0.558,6.43e-06,0.579,0.626,144.437,153840,4,60
989,0.299,0.92,2,-3.377,1,0.0552,0.0048,0.00022,0.122,0.675,160.449,188494,4,52
990,0.783,0.429,5,-9.265,1,0.282,0.469,0.0256,0.0831,0.725,99.537,162000,4,29
991,0.399,0.747,7,-10.62,1,0.0741,0.032,7.45e-06,0.0688,0.597,181.964,233200,4,38
992,0.353,0.898,2,-5.877,1,0.052,2.23e-05,0.105,0.39,0.525,103.293,255733,4,76
993,0.286,0.907,7,-9.67,1,0.0374,0.000277,0.202,0.0837,0.746,156.395,417800,4,59
994,0.519,0.441,4,-14.178,1,0.0353,0.0204,0.000453,0.076,0.25,81.334,234973,4,77
995,0.417,0.99,1,-3.203,1,0.208,0.000188,0.0,0.115,0.413,175.977,203093,4,57
996,0.395,0.944,1,-5.82,1,0.0919,1.74e-05,0.861,0.186,0.12,179.946,278600,3,0
997,0.466,0.989,7,-6.867,1,0.101,4.8e-06,0.571,0.0985,0.145,137.026,212100,4,48
998,0.832,0.792,7,-6.052,1,0.0657,0.197,0.0343,0.0956,0.911,128.393,195280,4,44
999,0.234,0.98,0,-3.233,0,0.148,0.000266,0.00746,0.0992,0.245,186.728,203240,4,49
1000,0.119,0.031,2,-31.179,1,0.0483,0.964,0.165,0.111,0.0388,88.858,156573,4,55
1001,0.679,0.645,7,-9.765,1,0.0442,0.032,0.868,0.152,0.826,125.844,279520,4,57
1002,0.171,0.286,0,-15.125,1,0.0342,0.699,0.92,0.639,0.326,67.264,130962,4,45
1003,0.442,0.958,8,-4.314,1,0.0771,8.04e-06,1.64e-05,0.656,0.166,109.887,224660,4,55
1004,0.358,0.554,2,-12.927,0,0.0381,0.354,1.3e-06,0.218,0.419,147.743,179173,4,48
1005,0.429,0.936,4,-6.162,0,0.055,0.00148,0.0,0.177,0.689,151.287,204333,4,52
1006,0.439,0.957,9,-5.653,1,0.124,7.07e-05,0.467,0.0715,0.174,115.03,214973,4,38
1007,0.688,0.716,1,-10.437,0,0.032,0.00912,0.733,0.0921,0.977,144.124,384907,4,47
1008,0.555,0.977,8,-5.083,1,0.155,0.00103,0.0202,0.617,0.509,113.651,241240,4,41
1009,0.344,0.24,2,-9.666,1,0.0325,0.67,0.0,0.142,0.326,160.41,239867,4,48
1010,0.522,0.493,6,-5.853,1,0.0356,0.553,0.00311,0.105,0.171,143.964,225933,4,0
1011,0.487,0.869,8,-4.838,1,0.0321,0.203,0.923,0.0723,0.927,159.971,213000,4,14
1012,0.266,0.831,4,-9.07,1,0.0453,0.000862,0.0,0.0555,0.778,175.514,163693,4,64
1013,0.49,0.83,4,-9.283,1,0.0512,0.0922,0.0,0.0719,0.966,162.105,195133,4,36
1014,0.451,0.889,1,-2.693,1,0.261,0.00167,0.00215,0.258,0.586,131.073,153800,4,72
1015,0.429,0.668,4,-7.539,0,0.044,0.208,0.0,0.538,0.398,77.737,211067,4,64
1016,0.537,0.69,8,-3.908,1,0.0273,0.223,0.0,0.127,0.352,140.07,197733,4,40
1017,0.325,0.986,1,-3.211,0,0.106,8.42e-05,0.00235,0.326,0.0593,90.025,279061,4,41
1018,0.286,0.313,2,-10.06,1,0.0305,0.785,0.000102,0.126,0.31,176.145,231840,3,32
1019,0.349,0.575,5,-12.029,1,0.0546,0.0064,0.242,0.122,0.565,97.236,256000,4,53
1020,0.494,0.735,5,-8.347,1,0.0345,0.00401,3.14e-06,0.544,0.742,132.526,283000,4,58
1021,0.375,0.257,5,-7.699,0,0.0368,0.936,0.0,0.0909,0.124,85.818,206400,4,36
1022,0.84,0.628,6,-7.244,1,0.0591,0.624,0.0335,0.105,0.899,100.018,177600,4,12
1023,0.462,0.611,0,-4.461,0,0.0341,0.475,0.0,0.0989,0.418,149.963,233147,4,57
1024,0.396,0.394,4,-6.028,0,0.0277,0.731,0.0,0.144,0.359,150.383,237120,4,52
1025,0.651,0.859,4,-5.186,1,0.15,0.099,0.00284,0.301,0.871,164.152,235373,4,37
1026,0.484,0.655,4,-11.118,1,0.0316,0.033,0.0,0.0885,0.634,133.158,167453,4,55
1027,0.311,0.775,2,-12.683,1,0.076,0.506,0.0,0.897,0.477,121.352,350053,4,45
1028,0.739,0.563,11,-9.73,0,0.0447,0.294,0.00335,0.108,0.237,114.984,158609,4,41
1029,0.545,0.578,2,-8.745,1,0.0406,0.0114,6.57e-05,0.0692,0.819,128.038,238907,4,63
1030,0.63,0.551,9,-9.28,1,0.0549,0.373,5.75e-05,0.103,0.518,143.868,274493,4,70
1031,0.511,0.986,11,-5.586,0,0.0627,0.00012,0.476,0.487,0.236,115.016,375595,4,47
1032,0.776,0.44,6,-15.887,1,0.0613,0.34,0.00704,0.0508,0.606,125.756,191307,4,54
1033,0.543,0.795,5,-12.769,1,0.0394,0.498,3.5e-06,0.2,0.928,145.523,182867,4,56
1034,0.509,0.273,11,-9.806,1,0.0325,0.871,0.0,0.114,0.34,143.079,234893,4,58
1035,0.419,0.932,1,-3.604,0,0.106,0.00171,0.0,0.137,0.445,169.881,268000,4,62
1036,0.396,0.967,7,-3.452,1,0.108,1.01e-05,0.0,0.114,0.206,156.13,218923,4,37
1037,0.694,0.637,6,-5.453,1,0.235,0.0932,0.0,0.139,0.785,196.208,132310,4,49
1038,0.163,0.021,5,-26.363,1,0.0478,0.955,0.884,0.0868,0.0367,129.627,145173,4,39
1039,0.432,0.962,2,-5.697,0,0.0951,2.02e-05,4.01e-05,0.423,0.181,111.95,328133,4,34
1040,0.503,0.994,9,-3.307,0,0.186,0.00225,0.801,0.221,0.226,150.021,226147,4,37
1041,0.528,0.903,5,-2.663,0,0.0735,0.00597,3.95e-06,0.102,0.523,121.06,182479,4,35
1042,0.122,0.118,4,-19.437,1,0.0378,0.817,0.85,0.0733,0.0398,79.239,726892,4,41
1043,0.492,0.553,9,-8.6,1,0.0397,0.406,0.000105,0.163,0.431,125.936,167200,4,36
1044,0.403,0.965,6,-2.238,1,0.0964,3.81e-05,0.000276,0.341,0.431,112.363,236293,4,78
1045,0.173,0.926,2,-4.027,1,0.132,0.000713,0.043,0.291,0.0703,201.231,235640,4,48
1046,0.257,0.109,7,-21.356,1,0.0597,0.9,0.867,0.0762,0.307,75.02,151480,4,63
1047,0.563,0.923,9,-3.162,1,0.059,0.000738,0.0,0.0885,0.14,118.07,227797,4,43
1048,0.0967,0.817,10,-6.313,1,0.0493,1.24e-05,0.45,0.139,0.425,72.927,345400,3,23
1049,0.598,0.75,0,-6.76,1,0.0433,0.00599,0.000789,0.117,0.833,132.418,265400,4,46
1050,0.545,0.717,3,-6.869,1,0.036,0.00417,0.406,0.136,0.589,118.515,239621,4,52
1051,0.358,0.938,0,-5.577,1,0.0483,0.00375,9.2e-06,0.117,0.944,182.836,288339,4,68
1052,0.506,0.948,10,-5.626,1,0.105,0.727,0.0,0.0904,0.934,130.195,160400,4,56
